laptop_ID,Company,Product,TypeName,Inches,ScreenResolution,Cpu,Ram,Memory,Gpu,OpSys,Weight,Price_euros,Ram_GB,Weight_kg,Price_group
2,Apple,Macbook Air,Ultrabook,13.3,1440x900,Intel Core i5 1.8GHz,8GB,128GB Flash Storage,Intel HD Graphics 6000,macOS,1.34kg,898.94,8,1.34,До 1000 евро
3,HP,250 G6,Notebook,15.6,Full HD 1920x1080,Intel Core i5 7200U 2.5GHz,8GB,256GB SSD,Intel HD Graphics 620,No OS,1.86kg,575.0,8,1.86,До 1000 евро
4,Apple,MacBook Pro,Ultrabook,15.4,IPS Panel Retina Display 2880x1800,Intel Core i7 2.7GHz,16GB,512GB SSD,AMD Radeon Pro 455,macOS,1.83kg,2537.45,16,1.83,От 1000 евро
5,Apple,MacBook Pro,Ultrabook,13.3,IPS Panel Retina Display 2560x1600,Intel Core i5 3.1GHz,8GB,256GB SSD,Intel Iris Plus Graphics 650,macOS,1.37kg,1803.6,8,1.37,От 1000 евро
6,Acer,Aspire 3,Notebook,15.6,1366x768,AMD A9-Series 9420 3GHz,4GB,500GB HDD,AMD Radeon R5,Windows 10,2.1kg,400.0,4,2.1,До 1000 евро
7,Apple,MacBook Pro,Ultrabook,15.4,IPS Panel Retina Display 2880x1800,Intel Core i7 2.2GHz,16GB,256GB Flash Storage,Intel Iris Pro Graphics,Mac OS X,2.04kg,2139.97,16,2.04,От 1000 евро
8,Apple,Macbook Air,Ultrabook,13.3,1440x900,Intel Core i5 1.8GHz,8GB,256GB Flash Storage,Intel HD Graphics 6000,macOS,1.34kg,1158.7,8,1.34,От 1000 евро
9,Asus,ZenBook UX430UN,Ultrabook,14.0,Full HD 1920x1080,Intel Core i7 8550U 1.8GHz,16GB,512GB SSD,Nvidia GeForce MX150,Windows 10,1.3kg,1495.0,16,1.3,От 1000 евро
10,Acer,Swift 3,Ultrabook,14.0,IPS Panel Full HD 1920x1080,Intel Core i5 8250U 1.6GHz,8GB,256GB SSD,Intel UHD Graphics 620,Windows 10,1.6kg,770.0,8,1.6,До 1000 евро
11,HP,250 G6,Notebook,15.6,1366x768,Intel Core i5 7200U 2.5GHz,4GB,500GB HDD,Intel HD Graphics 620,No OS,1.86kg,393.9,4,1.86,До 1000 евро
12,HP,250 G6,Notebook,15.6,Full HD 1920x1080,Intel Core i3 6006U 2GHz,4GB,500GB HDD,Intel HD Graphics 520,No OS,1.86kg,344.99,4,1.86,До 1000 евро
13,Apple,MacBook Pro,Ultrabook,15.4,IPS Panel Retina Display 2880x1800,Intel Core i7 2.8GHz,16GB,256GB SSD,AMD Radeon Pro 555,macOS,1.83kg,2439.97,16,1.83,От 1000 евро
14,Dell,Inspiron 3567,Notebook,15.6,Full HD 1920x1080,Intel Core i3 6006U 2GHz,4GB,256GB SSD,AMD Radeon R5 M430,Windows 10,2.2kg,498.9,4,2.2,До 1000 евро
15,Apple,"MacBook 12""",Ultrabook,12.0,IPS Panel Retina Display 2304x1440,Intel Core M m3 1.2GHz,8GB,256GB SSD,Intel HD Graphics 615,macOS,0.92kg,1262.4,8,0.92,От 1000 евро
16,Apple,MacBook Pro,Ultrabook,13.3,IPS Panel Retina Display 2560x1600,Intel Core i5 2.3GHz,8GB,256GB SSD,Intel Iris Plus Graphics 640,macOS,1.37kg,1518.55,8,1.37,От 1000 евро
17,Dell,Inspiron 3567,Notebook,15.6,Full HD 1920x1080,Intel Core i7 7500U 2.7GHz,8GB,256GB SSD,AMD Radeon R5 M430,Windows 10,2.2kg,745.0,8,2.2,До 1000 евро
18,Apple,MacBook Pro,Ultrabook,15.4,IPS Panel Retina Display 2880x1800,Intel Core i7 2.9GHz,16GB,512GB SSD,AMD Radeon Pro 560,macOS,1.83kg,2858.0,16,1.83,От 1000 евро
19,Lenovo,IdeaPad 320-15IKB,Notebook,15.6,Full HD 1920x1080,Intel Core i3 7100U 2.4GHz,8GB,1TB HDD,Nvidia GeForce 940MX,No OS,2.2kg,499.0,8,2.2,До 1000 евро
20,Dell,XPS 13,Ultrabook,13.3,IPS Panel Full HD / Touchscreen 1920x1080,Intel Core i5 8250U 1.6GHz,8GB,128GB SSD,Intel UHD Graphics 620,Windows 10,1.22kg,979.0,8,1.22,До 1000 евро
21,Asus,Vivobook E200HA,Netbook,11.6,1366x768,Intel Atom x5-Z8350 1.44GHz,2GB,32GB Flash Storage,Intel HD Graphics 400,Windows 10,0.98kg,191.9,2,0.98,До 1000 евро
22,Lenovo,Legion Y520-15IKBN,Gaming,15.6,IPS Panel Full HD 1920x1080,Intel Core i5 7300HQ 2.5GHz,8GB,128GB SSD +  1TB HDD,Nvidia GeForce GTX 1050,Windows 10,2.5kg,999.0,8,2.5,До 1000 евро
23,HP,255 G6,Notebook,15.6,1366x768,AMD E-Series E2-9000e 1.5GHz,4GB,500GB HDD,AMD Radeon R2,No OS,1.86kg,258.0,4,1.86,До 1000 евро
24,Dell,Inspiron 5379,2 in 1 Convertible,13.3,Full HD / Touchscreen 1920x1080,Intel Core i5 8250U 1.6GHz,8GB,256GB SSD,Intel UHD Graphics 620,Windows 10,1.62kg,819.0,8,1.62,До 1000 евро
25,HP,15-BS101nv (i7-8550U/8GB/256GB/FHD/W10),Ultrabook,15.6,Full HD 1920x1080,Intel Core i7 8550U 1.8GHz,8GB,256GB SSD,Intel HD Graphics 620,Windows 10,1.91kg,659.0,8,1.91,До 1000 евро
26,Dell,Inspiron 3567,Notebook,15.6,1366x768,Intel Core i3 6006U 2GHz,4GB,1TB HDD,Intel HD Graphics 520,Windows 10,2.3kg,418.64,4,2.3,До 1000 евро
27,Apple,MacBook Air,Ultrabook,13.3,1440x900,Intel Core i5 1.6GHz,8GB,128GB Flash Storage,Intel HD Graphics 6000,Mac OS X,1.35kg,1099.0,8,1.35,От 1000 евро
28,Dell,Inspiron 5570,Notebook,15.6,Full HD 1920x1080,Intel Core i5 8250U 1.6GHz,8GB,256GB SSD,AMD Radeon 530,Windows 10,2.2kg,800.0,8,2.2,До 1000 евро
29,Dell,Latitude 5590,Ultrabook,15.6,Full HD 1920x1080,Intel Core i7 8650U 1.9GHz,8GB,256GB SSD +  256GB SSD,Intel UHD Graphics 620,Windows 10,1.88kg,1298.0,8,1.88,От 1000 евро
30,HP,ProBook 470,Notebook,17.3,Full HD 1920x1080,Intel Core i5 8250U 1.6GHz,8GB,1TB HDD,Nvidia GeForce 930MX,Windows 10,2.5kg,896.0,8,2.5,До 1000 евро
31,Chuwi,"LapBook 15.6""",Notebook,15.6,Full HD 1920x1080,Intel Atom x5-Z8300 1.44GHz,4GB,64GB Flash Storage,Intel HD Graphics,Windows 10,1.89kg,244.99,4,1.89,До 1000 евро
32,Asus,E402WA-GA010T (E2-6110/2GB/32GB/W10),Notebook,14.0,1366x768,AMD E-Series E2-6110 1.5GHz,2GB,32GB Flash Storage,AMD Radeon R2,Windows 10,1.65kg,199.0,2,1.65,До 1000 евро
33,HP,17-ak001nv (A6-9220/4GB/500GB/Radeon,Notebook,17.3,Full HD 1920x1080,AMD A6-Series 9220 2.5GHz,4GB,500GB HDD,AMD Radeon 530,Windows 10,2.71kg,439.0,4,2.71,До 1000 евро
34,Dell,XPS 13,Ultrabook,13.3,Touchscreen / Quad HD+ 3200x1800,Intel Core i7 8550U 1.8GHz,16GB,512GB SSD,Intel UHD Graphics 620,Windows 10,1.2kg,1869.0,16,1.2,От 1000 евро
35,Apple,MacBook Air,Ultrabook,13.3,1440x900,Intel Core i5 1.6GHz,8GB,256GB Flash Storage,Intel HD Graphics 6000,Mac OS X,1.35kg,998.0,8,1.35,До 1000 евро
36,Lenovo,IdeaPad 120S-14IAP,Notebook,14.0,1366x768,Intel Celeron Dual Core N3350 1.1GHz,4GB,64GB Flash Storage,Intel HD Graphics 500,Windows 10,1.44kg,249.0,4,1.44,До 1000 евро
37,Acer,Aspire 3,Notebook,15.6,1366x768,Intel Core i3 7130U 2.7GHz,4GB,1TB HDD,Intel HD Graphics 620,Linux,2.1kg,367.0,4,2.1,До 1000 евро
38,Dell,Inspiron 5770,Notebook,17.3,IPS Panel Full HD 1920x1080,Intel Core i5 8250U 1.6GHz,8GB,128GB SSD +  1TB HDD,AMD Radeon 530,Windows 10,2.8kg,979.0,8,2.8,До 1000 евро
39,HP,250 G6,Notebook,15.6,1366x768,Intel Core i5 7200U 2.5GHz,4GB,1TB HDD,Intel HD Graphics 620,Windows 10,1.86kg,488.69,4,1.86,До 1000 евро
40,HP,ProBook 450,Notebook,15.6,Full HD 1920x1080,Intel Core i5 8250U 1.6GHz,8GB,256GB SSD,Nvidia GeForce 930MX ,Windows 10,2.1kg,879.0,8,2.1,До 1000 евро
41,Asus,X540UA-DM186 (i3-6006U/4GB/1TB/FHD/Linux),Notebook,15.6,Full HD 1920x1080,Intel Core i3 6006U 2GHz,4GB,1TB HDD,Intel HD Graphics 620,Linux,2kg,389.0,4,2.0,До 1000 евро
42,Dell,Inspiron 7577,Gaming,15.6,IPS Panel Full HD 1920x1080,Intel Core i7 7700HQ 2.8GHz,16GB,256GB SSD +  1TB HDD,Nvidia GeForce GTX 1060,Windows 10,2.65kg,1499.0,16,2.65,От 1000 евро
43,Asus,X542UQ-GO005 (i5-7200U/8GB/1TB/GeForce,Notebook,15.6,1366x768,Intel Core i5 7200U 2.5GHz,8GB,1TB HDD,Nvidia GeForce 940MX,Linux,2.3kg,522.99,8,2.3,До 1000 евро
44,Acer,Aspire A515-51G,Notebook,15.6,IPS Panel Full HD 1920x1080,Intel Core i5 8250U 1.6GHz,4GB,256GB SSD,Intel UHD Graphics 620,Windows 10,2.2kg,682.0,4,2.2,До 1000 евро
45,Dell,Inspiron 7773,2 in 1 Convertible,17.3,Full HD / Touchscreen 1920x1080,Intel Core i5 8250U 1.6GHz,12GB,1TB HDD,Nvidia GeForce 150MX,Windows 10,2.77kg,999.0,12,2.77,До 1000 евро
46,Apple,MacBook Pro,Ultrabook,13.3,IPS Panel Retina Display 2560x1600,Intel Core i5 2.0GHz,8GB,256GB SSD,Intel Iris Graphics 540,macOS,1.37kg,1419.0,8,1.37,От 1000 евро
47,Lenovo,IdeaPad 320-15ISK,Notebook,15.6,1366x768,Intel Core i3 6006U 2GHz,4GB,128GB SSD,Intel HD Graphics 520,No OS,2.2kg,369.0,4,2.2,До 1000 евро
48,Asus,Rog Strix,Gaming,17.3,Full HD 1920x1080,AMD Ryzen 1700 3GHz,8GB,256GB SSD +  1TB HDD,AMD Radeon RX 580,Windows 10,3.2kg,1299.0,8,3.2,От 1000 евро
49,Dell,Inspiron 3567,Notebook,15.6,Full HD 1920x1080,Intel Core i5 7200U 2.5GHz,4GB,256GB SSD,AMD Radeon R5 M430,Windows 10,2.3kg,639.0,4,2.3,До 1000 евро
50,Asus,X751NV-TY001T (N4200/4GB/1TB/GeForce,Notebook,17.3,1366x768,Intel Pentium Quad Core N4200 1.1GHz,4GB,1TB HDD,Nvidia GeForce 920MX,Windows 10,2.8kg,466.0,4,2.8,До 1000 евро
51,Lenovo,Yoga Book,2 in 1 Convertible,10.1,IPS Panel Touchscreen 1920x1200,Intel Atom x5-Z8550 1.44GHz,4GB,64GB Flash Storage,Intel HD Graphics 400,Android,0.69kg,319.0,4,0.69,До 1000 евро
52,Acer,Aspire A515-51G,Notebook,15.6,IPS Panel Full HD 1920x1080,Intel Core i7 8550U 1.8GHz,8GB,256GB SSD,Nvidia GeForce MX150,Windows 10,2.2kg,841.0,8,2.2,До 1000 евро
53,HP,255 G6,Notebook,15.6,Full HD 1920x1080,AMD A6-Series 9220 2.5GHz,4GB,256GB SSD,AMD Radeon R4 Graphics,Windows 10,1.86kg,398.49,4,1.86,До 1000 евро
54,HP,ProBook 430,Notebook,13.3,Full HD 1920x1080,Intel Core i7 8550U 1.8GHz,8GB,512GB SSD,Intel UHD Graphics 620,Windows 10,1.49kg,1103.0,8,1.49,От 1000 евро
55,Acer,Aspire 3,Notebook,15.6,1366x768,Intel Core i3 7100U 2.4GHz,4GB,1TB HDD,Intel HD Graphics 620,Windows 10,2.4kg,384.0,4,2.4,До 1000 евро
56,Dell,Inspiron 3576,Notebook,15.6,Full HD 1920x1080,Intel Core i7 8550U 1.8GHz,8GB,256GB SSD,AMD Radeon 520,Windows 10,2.13kg,767.8,8,2.13,До 1000 евро
57,HP,15-bs002nv (i3-6006U/4GB/128GB/FHD/W10),Notebook,15.6,Full HD 1920x1080,Intel Core i3 6006U 2GHz,4GB,128GB SSD,Intel HD Graphics 520,Windows 10,1.91kg,439.0,4,1.91,До 1000 евро
58,Asus,VivoBook Max,Notebook,15.6,1366x768,Intel Core i5 7200U 2.5GHz,4GB,256GB SSD,Intel HD Graphics 620,Windows 10,2kg,586.19,4,2.0,До 1000 евро
59,MSI,GS73VR 7RG,Gaming,17.3,Full HD 1920x1080,Intel Core i7 7700HQ 2.8GHz,16GB,256GB SSD +  2TB HDD,Nvidia GeForce GTX 1070,Windows 10,2.43kg,2449.0,16,2.43,От 1000 евро
60,Asus,X541UA-DM1897 (i3-6006U/4GB/256GB/FHD/Linux),Notebook,15.6,Full HD 1920x1080,Intel Core i3 6006U 2GHz,4GB,256GB SSD,Intel HD Graphics 520,Linux,2kg,415.0,4,2.0,До 1000 евро
61,Dell,Inspiron 5770,Notebook,17.3,Full HD 1920x1080,Intel Core i7 8550U 1.8GHz,16GB,256GB SSD +  2TB HDD,AMD Radeon 530,Windows 10,2.8kg,1299.0,16,2.8,От 1000 евро
62,Dell,Vostro 5471,Ultrabook,14.0,Full HD 1920x1080,Intel Core i5 8250U 1.6GHz,8GB,256GB SSD,Intel UHD Graphics 620,Windows 10,1.7kg,879.0,8,1.7,До 1000 евро
63,Lenovo,IdeaPad 520S-14IKB,Notebook,14.0,IPS Panel Full HD 1920x1080,Intel Core i3 7130U 2.7GHz,8GB,256GB SSD,Intel HD Graphics 620,No OS,1.7kg,599.0,8,1.7,До 1000 евро
64,Asus,UX410UA-GV350T (i5-8250U/8GB/256GB/FHD/W10),Notebook,14.0,Full HD 1920x1080,Intel Core i5 8250U 1.6GHz,8GB,256GB SSD,Intel UHD Graphics 620,Windows 10,1.4kg,941.0,8,1.4,До 1000 евро
66,HP,250 G6,Notebook,15.6,Full HD 1920x1080,Intel Core i5 7200U 2.5GHz,8GB,256GB SSD,Intel HD Graphics 620,Windows 10,1.86kg,690.0,8,1.86,До 1000 евро
67,Asus,ZenBook Pro,Ultrabook,15.6,Full HD 1920x1080,Intel Core i7 7700HQ 2.8GHz,16GB,512GB SSD,Nvidia GeForce GTX 1050 Ti,Windows 10,1.8kg,1983.0,16,1.8,От 1000 евро
68,HP,250 G6,Notebook,15.6,1366x768,Intel Core i3 6006U 2GHz,4GB,500GB HDD,AMD Radeon 520,Windows 10,1.86kg,438.69,4,1.86,До 1000 евро
69,HP,Stream 14-AX040wm,Notebook,14.0,1366x768,Intel Celeron Dual Core N3060 1.6GHz,4GB,32GB SSD,Intel HD Graphics 400,Windows 10,1.44kg,229.0,4,1.44,До 1000 евро
70,Lenovo,V310-15ISK (i5-7200U/4GB/1TB/FHD/W10),Notebook,15.6,Full HD 1920x1080,Intel Core i5 7200U 2.5GHz,4GB,1TB HDD,Intel HD Graphics 620,Windows 10,1.9kg,549.0,4,1.9,До 1000 евро
71,Asus,FX753VE-GC093 (i7-7700HQ/12GB/1TB/GeForce,Gaming,17.3,Full HD 1920x1080,Intel Core i7 7700HQ 2.8GHz,12GB,1TB HDD,Nvidia GeForce GTX 1050 Ti,Linux,3kg,949.0,12,3.0,До 1000 евро
72,Microsoft,Surface Laptop,Ultrabook,13.5,Touchscreen 2256x1504,Intel Core i5 7200U 2.5GHz,4GB,128GB SSD,Intel HD Graphics 620,Windows 10 S,1.252kg,1089.0,4,1.252,От 1000 евро
73,Dell,Inspiron 5370,Ultrabook,13.3,IPS Panel Full HD 1920x1080,Intel Core i7 8550U 1.8GHz,8GB,256GB SSD,AMD Radeon 530,Windows 10,1.4kg,955.0,8,1.4,До 1000 евро
74,Dell,Inspiron 5570,Notebook,15.6,Full HD 1920x1080,Intel Core i7 8550U 1.8GHz,8GB,256GB SSD,AMD Radeon 530,Windows 10,2.2kg,870.0,8,2.2,До 1000 евро
75,MSI,GL72M 7RDX,Gaming,17.3,Full HD 1920x1080,Intel Core i5 7300HQ 2.5GHz,8GB,128GB SSD +  1TB HDD,Nvidia GeForce GTX 1050,Windows 10,2.7kg,1095.0,8,2.7,От 1000 евро
76,Acer,Aspire E5-475,Notebook,14.0,1366x768,Intel Core i3 6006U 2GHz,8GB,1TB HDD,Intel HD Graphics 520,Windows 10,2.1kg,389.0,8,2.1,До 1000 евро
77,Asus,FX503VD-E4022T (i7-7700HQ/8GB/1TB/GeForce,Gaming,15.6,Full HD 1920x1080,Intel Core i7 7700HQ 2.8GHz,8GB,1TB HDD,Nvidia GeForce GTX 1050,Windows 10,2.2kg,949.0,8,2.2,До 1000 евро
78,Lenovo,IdeaPad 320-15IKBN,Notebook,15.6,Full HD 1920x1080,Intel Core i5 7200U 2.5GHz,8GB,2TB HDD,Intel HD Graphics 620,No OS,2.2kg,519.0,8,2.2,До 1000 евро
79,Dell,Inspiron 5570,Notebook,15.6,Full HD 1920x1080,Intel Core i7 8550U 1.8GHz,8GB,128GB SSD +  1TB HDD,Intel UHD Graphics 620,Windows 10,2.02kg,855.0,8,2.02,До 1000 евро
80,Acer,Aspire A515-51G-32MX,Notebook,15.6,Full HD 1920x1080,Intel Core i3 7130U 2.7GHz,4GB,1TB HDD,Nvidia GeForce MX130,Windows 10,2.2kg,530.0,4,2.2,До 1000 евро
81,HP,ProBook 470,Notebook,17.3,Full HD 1920x1080,Intel Core i5 8250U 1.6GHz,8GB,128GB SSD +  1TB HDD,Nvidia GeForce 930MX,Windows 10,2.5kg,977.0,8,2.5,До 1000 евро
82,Dell,Latitude 5590,Ultrabook,15.6,IPS Panel Full HD 1920x1080,Intel Core i5 8250U 1.6GHz,8GB,256GB SSD,Intel UHD Graphics 620,Windows 10,1.88kg,1096.16,8,1.88,От 1000 евро
83,Apple,"MacBook 12""",Ultrabook,12.0,IPS Panel Retina Display 2304x1440,Intel Core i5 1.3GHz,8GB,512GB SSD,Intel HD Graphics 615,macOS,0.92kg,1510.0,8,0.92,От 1000 евро
84,HP,ProBook 440,Notebook,14.0,Full HD 1920x1080,Intel Core i5 8250U 1.6GHz,8GB,256GB SSD,Intel HD Graphics 620,Windows 10,1.63kg,860.0,8,1.63,До 1000 евро
85,Lenovo,IdeaPad 320-15AST,Notebook,15.6,Full HD 1920x1080,AMD A6-Series 9220 2.5GHz,4GB,128GB SSD,AMD R4 Graphics,Windows 10,2.2kg,399.0,4,2.2,До 1000 евро
86,Acer,Aspire 3,Notebook,15.6,1366x768,AMD A9-Series 9420 3GHz,4GB,1TB HDD,AMD Radeon R5,Windows 10,2.1kg,395.0,4,2.1,До 1000 евро
87,Dell,Inspiron 7577,Gaming,15.6,IPS Panel Full HD 1920x1080,Intel Core i7 7700HQ 2.8GHz,16GB,128GB SSD +  1TB HDD,Nvidia GeForce GTX 1050 Ti,Windows 10,2.65kg,1349.0,16,2.65,От 1000 евро
88,HP,Pavilion 15-CK000nv,Ultrabook,15.6,IPS Panel Full HD 1920x1080,Intel Core i7 8550U 1.8GHz,8GB,256GB SSD,Nvidia GeForce GTX 940MX,Windows 10,1.83kg,699.0,8,1.83,До 1000 евро
89,HP,250 G6,Notebook,15.6,Full HD 1920x1080,Intel Core i5 7200U 2.5GHz,8GB,256GB SSD,Intel HD Graphics 620,Windows 10,1.96kg,598.99,8,1.96,До 1000 евро
90,Asus,FX503VM-E4007T (i7-7700HQ/16GB/1TB,Gaming,15.6,IPS Panel Full HD 1920x1080,Intel Core i7 7700HQ 2.8GHz,16GB,128GB SSD +  1TB HDD,Nvidia GeForce GTX 1060,Windows 10,2.2kg,1449.0,16,2.2,От 1000 евро
91,Dell,XPS 13,Ultrabook,13.3,IPS Panel Full HD 1920x1080,Intel Core i7 8550U 1.8GHz,8GB,256GB SSD,Intel UHD Graphics 620,Windows 10,1.21kg,1649.0,8,1.21,От 1000 евро
92,Asus,FX550IK-DM018T (FX-9830P/8GB/1TB/Radeon,Gaming,15.6,Full HD 1920x1080,AMD FX 9830P 3GHz,8GB,1TB HDD,AMD Radeon RX 560,Windows 10,2.45kg,699.0,8,2.45,До 1000 евро
93,Acer,Aspire 5,Notebook,15.6,Full HD 1920x1080,Intel Core i7 8550U 1.8GHz,8GB,1TB HDD,Nvidia GeForce MX150,Windows 10,2.2kg,689.0,8,2.2,До 1000 евро
94,HP,Probook 430,Notebook,13.3,Full HD 1920x1080,Intel Core i7 8550U 1.8GHz,16GB,512GB SSD,Intel UHD Graphics 620,Windows 10,1.49kg,1197.0,16,1.49,От 1000 евро
95,Dell,Inspiron 7577,Gaming,15.6,Full HD 1920x1080,Intel Core i5 7300HQ 2.5GHz,8GB,256GB SSD,Nvidia GeForce GTX 1060,Windows 10,2.65kg,1195.0,8,2.65,От 1000 евро
96,Asus,Zenbook UX430UA,Ultrabook,14.0,Full HD 1920x1080,Intel Core i7 7500U 2.7GHz,8GB,256GB SSD,Intel HD Graphics 620,Windows 10,1.25kg,1049.0,8,1.25,От 1000 евро
97,Acer,Spin 5,2 in 1 Convertible,13.3,IPS Panel Full HD / Touchscreen 1920x1080,Intel Core i5 8250U 1.6GHz,8GB,256GB SSD,Intel UHD Graphics 620,Windows 10,1.5kg,847.0,8,1.5,До 1000 евро
98,Dell,Inspiron 3567,Notebook,15.6,Full HD 1920x1080,Intel Core i7 7500U 2.7GHz,8GB,1TB HDD,AMD Radeon R5 M430,Linux,2.2kg,599.9,8,2.2,До 1000 евро
99,Dell,Inspiron 3567,Notebook,15.6,Full HD 1920x1080,Intel Core i3 6006U 2GHz,4GB,256GB SSD,AMD Radeon R5 M430,Linux,2.2kg,485.0,4,2.2,До 1000 евро
100,Asus,X541UV-DM1439T (i3-7100U/6GB/256GB/GeForce,Notebook,15.6,Full HD 1920x1080,Intel Core i3 7100U 2.4GHz,6GB,256GB SSD,Nvidia GeForce 920M,Windows 10,2kg,577.0,6,2.0,До 1000 евро
102,HP,Omen 15-ce007nv,Gaming,15.6,IPS Panel Full HD 1920x1080,Intel Core i7 7700HQ 2.8GHz,12GB,128GB SSD +  1TB HDD,Nvidia GeForce GTX 1050,Windows 10,2.62kg,1249.0,12,2.62,От 1000 евро
103,HP,15-bs017nv (i7-7500U/8GB/256GB/Radeon,Notebook,15.6,Full HD 1920x1080,Intel Core i7 7500U 2.7GHz,8GB,256GB SSD,AMD Radeon 530,Windows 10,1.91kg,719.0,8,1.91,До 1000 евро
104,HP,15-bw000nv (E2-9000e/4GB/500GB/Radeon,Notebook,15.6,Full HD 1920x1080,AMD E-Series E2-9000e 1.5GHz,4GB,500GB HDD,AMD Radeon R2,Windows 10,2.1kg,349.0,4,2.1,До 1000 евро
105,Dell,Inspiron 3576,Notebook,15.6,Full HD 1920x1080,Intel Core i5 8250U 1.6GHz,8GB,1TB HDD,AMD Radeon 520,Linux,2.2kg,647.0,8,2.2,До 1000 евро
106,HP,Envy 13-ad009n,Ultrabook,13.3,IPS Panel Full HD 1920x1080,Intel Core i7 7500U 2.7GHz,8GB,256GB SSD,Nvidia GeForce MX150,Windows 10,1.38kg,1119.0,8,1.38,От 1000 евро
107,Microsoft,Surface Laptop,Ultrabook,13.5,Touchscreen 2256x1504,Intel Core i5 7200U 2.5GHz,8GB,256GB SSD,Intel HD Graphics 620,Windows 10 S,1.252kg,1340.0,8,1.252,От 1000 евро
108,HP,Pavilion 14-BK001nv,Notebook,14.0,IPS Panel Full HD 1920x1080,Intel Core i5 7200U 2.5GHz,6GB,256GB SSD,Nvidia GeForce 940MX,Windows 10,1.58kg,659.0,6,1.58,До 1000 евро
109,Lenovo,Ideapad 310-15ISK,Notebook,15.6,Full HD 1920x1080,Intel Core i3 6006U 2GHz,4GB,1TB HDD,Intel HD Graphics 520,Windows 10,1.85kg,414.9,4,1.85,До 1000 евро
110,Asus,UX430UQ-GV209R (i7-7500U/8GB/256GB/GeForce,Ultrabook,14.0,IPS Panel Full HD 1920x1080,Intel Core i7 7500U 2.7GHz,8GB,256GB SSD,Nvidia GeForce 940MX,Windows 10,1.3kg,1193.0,8,1.3,От 1000 евро
111,MSI,GP62M 7REX,Gaming,15.6,Full HD 1920x1080,Intel Core i7 7700HQ 2.8GHz,16GB,256GB SSD +  1TB HDD,Nvidia GeForce GTX 1050 Ti,Windows 10,2.2kg,1299.0,16,2.2,От 1000 евро
112,Lenovo,Thinkpad T470,Notebook,14.0,IPS Panel Full HD 1920x1080,Intel Core i7 7500U 2.7GHz,8GB,256GB SSD,Intel HD Graphics 620,Windows 10,1.58kg,1480.0,8,1.58,От 1000 евро
113,Asus,VivoBook S15,Ultrabook,15.6,Full HD 1920x1080,Intel Core i7 8550U 1.8GHz,16GB,256GB SSD +  1TB HDD,Nvidia GeForce MX150,Windows 10,1.5kg,1262.0,16,1.5,От 1000 евро
114,Dell,XPS 13,Ultrabook,13.3,Quad HD+ / Touchscreen 3200x1800,Intel Core i7 7560U 2.4GHz,8GB,256GB SSD,Intel Iris Plus Graphics 640,Windows 10,1.23kg,1379.0,8,1.23,От 1000 евро
115,Lenovo,ThinkPad Yoga,2 in 1 Convertible,13.3,IPS Panel Full HD / Touchscreen 1920x1080,Intel Core i5 7200U 2.5GHz,8GB,256GB SSD,Intel HD Graphics 620,Windows 10,1.37kg,1399.0,8,1.37,От 1000 евро
116,HP,Probook 440,Notebook,14.0,IPS Panel 1366x768,Intel Core i5 8250U 1.6GHz,4GB,500GB HDD,Intel UHD Graphics 620,Windows 10,1.63kg,722.0,4,1.63,До 1000 евро
117,Dell,XPS 13,Ultrabook,13.3,IPS Panel Full HD 1920x1080,Intel Core i5 8250U 1.6GHz,8GB,256GB SSD,Intel UHD Graphics 620,Windows 10,1.21kg,1629.0,8,1.21,От 1000 евро
118,HP,Spectre x360,2 in 1 Convertible,13.3,IPS Panel Full HD / Touchscreen 1920x1080,Intel Core i5 8250U 1.6GHz,8GB,256GB SSD,Intel UHD Graphics 620,Windows 10,1.26kg,1398.99,8,1.26,От 1000 евро
119,HP,Probook 440,Notebook,14.0,Full HD 1920x1080,Intel Core i7 8550U 1.8GHz,8GB,512GB SSD,Intel UHD Graphics 620,Windows 10,1.63kg,1084.0,8,1.63,От 1000 евро
120,Dell,Inspiron 7570,Notebook,15.6,IPS Panel Full HD 1920x1080,Intel Core i7 8550U 1.8GHz,8GB,256GB SSD +  1TB HDD,Nvidia GeForce 940MX,Windows 10,2.16kg,1130.33,8,2.16,От 1000 евро
121,Asus,X705UV-BX074T (i3-6006U/4GB/1TB/GeForce,Notebook,17.3,Full HD 1920x1080,Intel Core i3 6006U 2GHz,4GB,1TB HDD,Nvidia GeForce 920MX,Windows 10,2kg,564.0,4,2.0,До 1000 евро
122,Asus,VivoBook S15,Notebook,15.6,Full HD 1920x1080,Intel Core i7 8550U 1.8GHz,8GB,256GB SSD,Nvidia GeForce 940MX,Windows 10,1.7kg,1118.0,8,1.7,От 1000 евро
123,Acer,Spin 3,Notebook,15.6,IPS Panel Full HD / Touchscreen 1920x1080,Intel Core i3 7100U 2.4GHz,6GB,1TB HDD,Intel HD Graphics 620,Windows 10,2.1kg,479.0,6,2.1,До 1000 евро
124,MSI,GS63VR 7RG,Gaming,15.6,Full HD 1920x1080,Intel Core i7 7700HQ 2.8GHz,16GB,256GB SSD +  2TB HDD,Nvidia GeForce GTX 1070,Windows 10,1.8kg,2241.5,16,1.8,От 1000 евро
125,Lenovo,IdeaPad 320-15IKBN,Notebook,15.6,Full HD 1920x1080,Intel Core i5 7200U 2.5GHz,8GB,256GB SSD,Nvidia GeForce 940MX,No OS,2.2kg,629.0,8,2.2,До 1000 евро
126,HP,Probook 470,Notebook,17.3,Full HD 1920x1080,Intel Core i7 8550U 1.8GHz,16GB,512GB SSD,Nvidia GeForce 930MX ,Windows 10,2.5kg,1271.0,16,2.5,От 1000 евро
127,Acer,Aspire 3,Notebook,15.6,1366x768,AMD A9-Series 9420 3GHz,4GB,256GB SSD,AMD Radeon R5,Windows 10,2.1kg,451.0,4,2.1,До 1000 евро
128,HP,250 G6,Notebook,15.6,1366x768,Intel Celeron Dual Core N3060 1.6GHz,4GB,500GB HDD,Intel HD Graphics 400,No OS,1.86kg,259.0,4,1.86,До 1000 евро
129,HP,Probook 440,Notebook,14.0,Full HD 1920x1080,Intel Core i5 8250U 1.6GHz,8GB,1TB HDD,Intel UHD Graphics 620,Windows 10,1.63kg,812.0,8,1.63,До 1000 евро
130,Asus,E402WA-GA007T (E2-6110/4GB/64GB/W10,Notebook,14.0,1366x768,AMD E-Series 6110 1.5GHz,4GB,64GB SSD,AMD Radeon R2,Windows 10 S,1.65kg,277.99,4,1.65,До 1000 евро
131,Dell,Inspiron 5770,Notebook,17.3,Full HD 1920x1080,Intel Core i7 8550U 1.8GHz,16GB,256GB SSD +  2TB HDD,AMD Radeon 530,Windows 10,2.8kg,1396.0,16,2.8,От 1000 евро
132,HP,ProBook 470,Notebook,17.3,Full HD 1920x1080,Intel Core i5 8250U 1.6GHz,8GB,256GB SSD,Intel UHD Graphics 620,Windows 10,2.5kg,928.0,8,2.5,До 1000 евро
133,Dell,Inspiron 5567,Notebook,15.6,1366x768,Intel Core i5 7200U 2.5GHz,8GB,1TB HDD,AMD Radeon R7 M445,Windows 10,2.36kg,638.99,8,2.36,До 1000 евро
134,Dell,Inspiron 3567,Notebook,15.6,Full HD 1920x1080,Intel Core i3 6006U 2GHz,4GB,1TB HDD,AMD Radeon R5 M430,Windows 10,2.2kg,449.0,4,2.2,До 1000 евро
135,Acer,Swift 3,Ultrabook,14.0,IPS Panel Full HD 1920x1080,Intel Core i7 8550U 1.8GHz,8GB,256GB SSD,Intel UHD Graphics 620,Windows 10,1.6kg,884.0,8,1.6,До 1000 евро
136,Acer,Aspire A515-51G-37JS,Notebook,15.6,Full HD 1920x1080,Intel Core i3 7130U 2.7GHz,4GB,256GB SSD,Nvidia GeForce MX130,Windows 10,2.2kg,572.0,4,2.2,До 1000 евро
137,HP,15-BS078nr (i7-7500U/8GB/1TB/W10),Notebook,15.6,1366x768,Intel Core i7 7500U 2.7GHz,8GB,1TB HDD,Intel HD Graphics 620,Windows 10,2.05kg,598.0,8,2.05,До 1000 евро
138,HP,Probook 440,Notebook,14.0,Full HD 1920x1080,Intel Core i7 8550U 1.8GHz,8GB,256GB SSD,Intel UHD Graphics 620,Windows 10,1.63kg,988.0,8,1.63,До 1000 евро
139,Lenovo,V110-15IAP (N3350/4GB/1TB/No,Notebook,15.6,1366x768,Intel Celeron Dual Core N3350 1.1GHz,4GB,1TB HDD,Intel HD Graphics 500,No OS,1.9kg,252.36,4,1.9,До 1000 евро
140,Asus,FX753VD-GC086T (i5-7300HQ/8GB/1TB,Gaming,17.3,Full HD 1920x1080,Intel Core i5 7300HQ 2.5GHz,8GB,128GB SSD +  1TB HDD,Nvidia GeForce GTX 1050,Windows 10,3kg,938.0,8,3.0,До 1000 евро
141,Lenovo,IdeaPad 320-15IKBN,Notebook,15.6,Full HD 1920x1080,Intel Core i5 7200U 2.5GHz,4GB,1TB HDD,Nvidia GeForce 920MX,No OS,2.2kg,499.0,4,2.2,До 1000 евро
142,HP,Envy 13-AD007nv,Notebook,13.3,IPS Panel Full HD 1920x1080,Intel Core i5 7200U 2.5GHz,4GB,256GB SSD,Intel HD Graphics 620,Windows 10,1.32kg,699.0,4,1.32,До 1000 евро
143,Acer,Aspire 5,Notebook,17.3,IPS Panel Full HD 1920x1080,Intel Core i3 7130U 2.7GHz,4GB,1TB HDD,Nvidia GeForce MX130,Windows 10,3kg,655.0,4,3.0,До 1000 евро
144,Lenovo,ThinkPad E480,Notebook,14.0,IPS Panel Full HD 1920x1080,Intel Core i5 8250U 1.6GHz,8GB,256GB SSD,AMD Radeon RX 550,Windows 10,1.75kg,1116.02,8,1.75,От 1000 евро
145,Lenovo,Legion Y520-15IKBN,Gaming,15.6,IPS Panel Full HD 1920x1080,Intel Core i7 7700HQ 2.8GHz,8GB,256GB SSD,Nvidia GeForce GTX 1050M,No OS,2.4kg,869.0,8,2.4,До 1000 евро
146,Toshiba,Satellite Pro,Notebook,15.6,1366x768,Intel Core i5 6200U 2.3GHz,4GB,500GB HDD,Intel HD Graphics 520,Windows 10,2.1kg,602.0,4,2.1,До 1000 евро
147,HP,255 G6,Notebook,15.6,1366x768,AMD A6-Series 9220 2.5GHz,4GB,256GB SSD,AMD Radeon R4 Graphics,Windows 10,1.86kg,369.0,4,1.86,До 1000 евро
148,Asus,ZenBook UX430UA,Ultrabook,14.0,Full HD 1920x1080,Intel Core i7 8550U 1.8GHz,8GB,256GB SSD,Intel UHD Graphics 620,Windows 10,1.25kg,1099.0,8,1.25,От 1000 евро
149,HP,EliteBook Folio,Ultrabook,12.5,IPS Panel 4K Ultra HD / Touchscreen 3840x2160,Intel Core M 6Y75 1.2GHz,8GB,512GB SSD,Intel HD Graphics 515,Windows 10,0.97kg,2014.0,8,0.97,От 1000 евро
150,Asus,X541NA (N3350/4GB/1TB/FHD/W10),Notebook,15.6,Full HD 1920x1080,Intel Celeron Dual Core N3350 1.1GHz,4GB,1TB HDD,Intel HD Graphics 500,Windows 10,2kg,344.0,4,2.0,До 1000 евро
151,MSI,GE72MVR 7RG,Gaming,17.3,Full HD 1920x1080,Intel Core i7 7700HQ 2.8GHz,16GB,256GB SSD +  1TB HDD,Nvidia GeForce GTX 1070,Windows 10,2.9kg,2029.0,16,2.9,От 1000 евро
152,Acer,Aspire A315-51,Notebook,15.6,1366x768,Intel Core i3 6006U 2GHz,4GB,1TB HDD,Intel HD Graphics 520,Windows 10,2.1kg,447.0,4,2.1,До 1000 евро
153,Dell,Inspiron 5577,Gaming,15.6,Full HD 1920x1080,Intel Core i7 7700HQ 2.8GHz,16GB,512GB SSD,Nvidia GeForce GTX 1050,Windows 10,2.56kg,1249.26,16,2.56,От 1000 евро
154,Dell,Inspiron 7567,Gaming,15.6,Full HD 1920x1080,Intel Core i7 7700HQ 2.8GHz,8GB,1.0TB Hybrid,Nvidia GeForce GTX 1050,Windows 10,2.62kg,899.0,8,2.62,До 1000 евро
155,Lenovo,V110-15IKB (i5-7200U/4GB/128GB/W10),Notebook,15.6,1366x768,Intel Core i5 7200U 2.5GHz,4GB,128GB SSD,Intel HD Graphics 620,Windows 10,1.9kg,498.0,4,1.9,До 1000 евро
156,MSI,GE73VR 7RE,Gaming,17.3,Full HD 1920x1080,Intel Core i7 7700HQ 2.8GHz,16GB,256GB SSD +  1TB HDD,Nvidia GeForce GTX 1060,Windows 10,2.8kg,1890.0,16,2.8,От 1000 евро
157,HP,EliteBook 840,Ultrabook,14.0,Full HD 1920x1080,Intel Core i5 7500U 2.7GHz,4GB,256GB SSD,Intel HD Graphics 620,Windows 10,1.48kg,1082.0,4,1.48,От 1000 евро
158,HP,15-BS103nv (i5-8250U/6GB/256GB/Radeon,Notebook,15.6,Full HD 1920x1080,Intel Core i5 8250U 1.6GHz,6GB,256GB SSD,AMD Radeon 520,Windows 10,1.91kg,619.0,6,1.91,До 1000 евро
159,Lenovo,Yoga 520-14IKB,2 in 1 Convertible,14.0,IPS Panel Full HD / Touchscreen 1920x1080,Intel Core i3 7100U 2.4GHz,4GB,256GB SSD,Intel HD Graphics 620,Windows 10,1.74kg,629.0,4,1.74,До 1000 евро
160,Asus,ZenBook Flip,2 in 1 Convertible,13.3,Full HD / Touchscreen 1920x1080,Intel Core i5 8250U 1.6GHz,8GB,256GB SSD,Intel HD Graphics 620,Windows 10,1.1kg,1315.0,8,1.1,От 1000 евро
161,Dell,Inspiron 5579,2 in 1 Convertible,15.6,Full HD / Touchscreen 1920x1080,Intel Core i7 8550U 1.8GHz,8GB,256GB SSD,Intel UHD Graphics 620,Windows 10,1.56kg,1049.0,8,1.56,От 1000 евро
163,Toshiba,Satellite Pro,Notebook,15.6,1366x768,Intel Core i3 6006U 2.2GHz,4GB,500GB HDD,Intel HD Graphics 520,Windows 10,2.1kg,447.0,4,2.1,До 1000 евро
164,Asus,X555BP-XX180T (A9-9420/4GB/1TB/Radeon,Notebook,15.6,1366x768,AMD A9-Series 9420 3GHz,4GB,1TB HDD,AMD Radeon R5 M420,Windows 10,2.03kg,403.0,4,2.03,До 1000 евро
165,Acer,Aspire A517-51G,Notebook,17.3,IPS Panel Full HD 1920x1080,Intel Core i5 8250U 1.6GHz,4GB,256GB SSD,Nvidia GeForce MX150,Windows 10,3kg,805.0,4,3.0,До 1000 евро
166,Dell,Inspiron 3576,Notebook,15.6,Full HD 1920x1080,Intel Core i5 8250U 1.6GHz,8GB,256GB SSD,AMD Radeon 520,Windows 10,2.13kg,728.0,8,2.13,До 1000 евро
167,Lenovo,Legion Y520-15IKBN,Gaming,15.6,IPS Panel Full HD 1920x1080,Intel Core i7 7700HQ 2.8GHz,16GB,256GB SSD,Nvidia GeForce GTX 1050 Ti,Windows 10,2.5kg,1079.0,16,2.5,От 1000 евро
168,Acer,Aspire A315-31,Notebook,15.6,1366x768,Intel Celeron Dual Core N3350 1.1GHz,4GB,1TB HDD,Intel HD Graphics 500,Windows 10,2.1kg,348.0,4,2.1,До 1000 евро
169,MSI,GE63VR 7RE,Gaming,15.6,IPS Panel Full HD 1920x1080,Intel Core i7 7700HQ 2.8GHz,16GB,256GB SSD +  1TB HDD,Nvidia GeForce GTX 1060,Windows 10,2.4kg,1799.0,16,2.4,От 1000 евро
170,Acer,Aspire 3,Notebook,15.6,1366x768,Intel Pentium Quad Core N4200 1.1GHz,4GB,1TB HDD,Intel HD Graphics 505,Windows 10,2.1kg,363.51,4,2.1,До 1000 евро
171,Dell,Inspiron 5577,Gaming,15.6,Full HD 1920x1080,Intel Core i7 7700HQ 2.8GHz,8GB,128GB SSD +  1TB HDD,Nvidia GeForce GTX 1050,Windows 10,2.56kg,1060.49,8,2.56,От 1000 евро
172,Acer,Aspire A517-51G,Notebook,17.3,IPS Panel Full HD 1920x1080,Intel Core i5 8250U 1.6GHz,8GB,256GB SSD,Nvidia GeForce MX150,Windows 10,3kg,854.0,8,3.0,До 1000 евро
173,HP,ProBook 430,Notebook,13.3,IPS Panel Full HD 1920x1080,Intel Core i5 8250U 1.6GHz,4GB,500GB HDD,Intel UHD Graphics 620,Windows 10,1.49kg,754.0,4,1.49,До 1000 евро
174,Huawei,MateBook X,Ultrabook,13.0,IPS Panel Full HD 2160x1440,Intel Core i5 7200U 2.5GHz,8GB,256GB SSD,Intel HD Graphics 620,Windows 10,1.05kg,1349.0,8,1.05,От 1000 евро
175,HP,17-bs001nv (i5-7200U/6GB/2TB/Radeon,Notebook,17.3,IPS Panel Full HD 1920x1080,Intel Core i5 7200U 2.5GHz,6GB,2TB HDD,AMD Radeon 520,Windows 10,2.71kg,699.0,6,2.71,До 1000 евро
176,Lenovo,IdeaPad 320-15AST,Notebook,15.6,1366x768,AMD A6-Series 9220 2.9GHz,4GB,500GB HDD,AMD Radeon R4 Graphics,No OS,2.2kg,309.0,4,2.2,До 1000 евро
177,Toshiba,Satellite Pro,Notebook,15.6,1366x768,Intel Core i3 7100U 2.4GHz,4GB,500GB HDD,Intel HD Graphics 620,Windows 10,2kg,489.0,4,2.0,До 1000 евро
178,HP,ProBook 470,Notebook,17.3,Full HD 1920x1080,Intel Core i5 8250U 1.6GHz,8GB,256GB SSD,Nvidia GeForce 930MX,Windows 10,2.5kg,923.0,8,2.5,До 1000 евро
179,Dell,Inspiron 3567,Notebook,15.6,1366x768,Intel Core i3 7100U 2.4GHz,8GB,1TB HDD,Intel HD Graphics 620,Windows 10,2.3kg,459.0,8,2.3,До 1000 евро
180,Acer,Aspire A315-51,Notebook,15.6,1366x768,Intel Core i3 6006U 2GHz,4GB,128GB SSD,Intel HD Graphics 520,Windows 10,2.1kg,449.0,4,2.1,До 1000 евро
181,MSI,GT80S 6QF-074US,Gaming,18.4,Full HD 1920x1080,Intel Core i7 6920HQ 2.9GHz,32GB,512GB SSD +  1TB HDD,Nvidia GTX 980 SLI,Windows 10,4.4kg,2799.0,32,4.4,От 1000 евро
182,Lenovo,V310-15IKB (i5-7200U/8GB/1TB,Notebook,15.6,Full HD 1920x1080,Intel Core i5 7200U 2.5GHz,8GB,128GB SSD +  1TB HDD,AMD R17M-M1-70,Windows 10,1.90kg,813.0,8,1.9,До 1000 евро
183,HP,Spectre x360,2 in 1 Convertible,13.3,IPS Panel 4K Ultra HD / Touchscreen 3840x2160,Intel Core i5 8250U 1.6GHz,8GB,256GB SSD,Intel UHD Graphics 620,Windows 10,1.29kg,1499.0,8,1.29,От 1000 евро
184,Dell,Inspiron 5570,Notebook,15.6,Full HD 1920x1080,Intel Core i7 8550U 1.8GHz,16GB,256GB SSD +  2TB HDD,AMD Radeon 530,Linux,2.02kg,1049.0,16,2.02,От 1000 евро
185,Dell,XPS 13,Ultrabook,13.3,Full HD 1920x1080,Intel Core i5 8250U 1.6GHz,8GB,256GB SSD,Intel UHD Graphics 620,Windows 10,1.23kg,1399.0,8,1.23,От 1000 евро
186,Lenovo,Yoga 920-13IKB,2 in 1 Convertible,13.9,IPS Panel 4K Ultra HD / Touchscreen 3840x2160,Intel Core i7 8550U 1.8GHz,16GB,512GB SSD,Intel UHD Graphics 620,Windows 10,1.4kg,1849.0,16,1.4,От 1000 евро
187,Toshiba,Satellite Pro,Notebook,15.6,1366x768,Intel Core i5 7200U 2.5GHz,8GB,128GB SSD,Intel HD Graphics 620,Windows 10,2.0kg,793.0,8,2.0,До 1000 евро
188,Xiaomi,Mi Notebook,Notebook,15.6,IPS Panel Full HD 1920x1080,Intel Core i5 8250U 1.6GHz,8GB,256GB SSD,Nvidia GeForce MX150,No OS,1.95kg,1199.0,8,1.95,От 1000 евро
189,Dell,Inspiron 7773,Notebook,17.3,Full HD / Touchscreen 1920x1080,Intel Core i7 8550U 1.8GHz,16GB,512GB SSD,Nvidia GeForce 150MX,Windows 10,2.77kg,1549.0,16,2.77,От 1000 евро
190,Dell,XPS 15,Notebook,15.6,4K Ultra HD / Touchscreen 3840x2160,Intel Core i7 7700HQ 2.8GHz,16GB,512GB SSD,Nvidia GeForce GTX 1050,Windows 10,2.06kg,2397.0,16,2.06,От 1000 евро
191,Lenovo,Legion Y520-15IKBN,Gaming,15.6,IPS Panel Full HD 1920x1080,Intel Core i5 7300HQ 2.5GHz,8GB,256GB SSD,Nvidia GeForce GTX 1050,No OS,2.4kg,779.0,8,2.4,До 1000 евро
192,Acer,Swift 7,Ultrabook,13.3,IPS Panel Full HD 1920x1080,Intel Core i5 7Y54 1.2GHz,8GB,256GB SSD,Intel HD Graphics 615,Windows 10,1.12kg,989.0,8,1.12,До 1000 евро
193,Dell,Inspiron 5770,Notebook,17.3,Full HD 1920x1080,Intel Core i7 8550U 1.8GHz,8GB,128GB SSD +  1TB HDD,AMD Radeon 530,Windows 10,2.8kg,1085.0,8,2.8,От 1000 евро
194,Lenovo,Thinkpad Yoga,2 in 1 Convertible,14.0,Touchscreen 2560x1440,Intel Core i7 7500U 2.7GHz,16GB,1TB SSD,Intel HD Graphics 620,Windows 10,1.42kg,2824.0,16,1.42,От 1000 евро
195,Vero,K147 (N3350/4GB/32GB/FHD/W10),Notebook,14.0,IPS Panel Full HD 1920x1080,Intel Celeron Dual Core N3350 1.1GHz,4GB,32GB Flash Storage,Intel HD Graphics 500,Windows 10,1.3kg,260.0,4,1.3,До 1000 евро
196,Xiaomi,Mi Notebook,Ultrabook,13.3,IPS Panel Full HD 1920x1080,Intel Core i5 7200U 2.5GHz,8GB,256GB SSD,Nvidia GeForce MX150,No OS,1.3kg,999.9,8,1.3,До 1000 евро
197,Lenovo,IdeaPad 320-17IKBR,Notebook,17.3,1600x900,Intel Core i5 8250U 1.6GHz,8GB,256GB SSD,Nvidia GeForce MX150,No OS,2.8kg,698.0,8,2.8,До 1000 евро
198,Dell,Inspiron 5379,2 in 1 Convertible,13.3,IPS Panel Full HD / Touchscreen 1920x1080,Intel Core i7 8550U 1.8GHz,8GB,1TB HDD,Intel UHD Graphics 620,Windows 10,1.62kg,839.0,8,1.62,До 1000 евро
199,HP,ProBook 470,Notebook,17.3,IPS Panel Full HD 1920x1080,Intel Core i5 8250U 1.6GHz,8GB,1TB HDD,Nvidia GeForce 930MX,Windows 10,2.5kg,914.0,8,2.5,До 1000 евро
200,Razer,Blade Pro,Gaming,17.3,4K Ultra HD / Touchscreen 3840x2160,Intel Core i7 7820HK 2.9GHz,32GB,1TB SSD,Nvidia GeForce GTX 1080,Windows 10,3.49kg,6099.0,32,3.49,От 1000 евро
201,HP,ProBook 430,Notebook,13.3,Full HD 1920x1080,Intel Core i5 8250U 1.6GHz,8GB,512GB SSD,Intel UHD Graphics 620,Windows 10,1.49kg,959.0,8,1.49,До 1000 евро
202,HP,Omen 17-W295,Gaming,17.3,IPS Panel Full HD 1920x1080,Intel Core i7 7700HQ 2.8GHz,16GB,256GB SSD +  1TB HDD,Nvidia GeForce GTX 1050,Windows 10,3.35kg,1379.0,16,3.35,От 1000 евро
203,HP,Probook 470,Notebook,17.3,Full HD 1920x1080,Intel Core i7 8550U 1.8GHz,8GB,256GB SSD,Nvidia GeForce 930MX ,Windows 10,2.5kg,1045.0,8,2.5,От 1000 евро
204,Dell,Inspiron 7577,Gaming,15.6,IPS Panel 4K Ultra HD 3840x2160,Intel Core i7 7700HQ 2.8GHz,16GB,512GB SSD +  1TB HDD,Nvidia GeForce GTX 1060,Windows 10,2.65kg,1845.0,16,2.65,От 1000 евро
205,Lenovo,V110-15ISK (i5-6200U/4GB/128GB/W10),Notebook,15.6,1366x768,Intel Core i5 6200U 2.3GHz,4GB,128GB SSD,Intel HD Graphics 520,Windows 10,2.1kg,493.0,4,2.1,До 1000 евро
206,Acer,Aspire E5-576G,Notebook,15.6,Full HD 1920x1080,Intel Core i7 7500U 2.7GHz,8GB,1TB HDD,Nvidia GeForce 940MX,Windows 10,2.23kg,742.0,8,2.23,До 1000 евро
207,Lenovo,Legion Y720-15IKB,Gaming,15.6,IPS Panel Full HD 1920x1080,Intel Core i7 7700HQ 2.8GHz,16GB,512GB SSD +  1TB HDD,Nvidia GeForce GTX 1060,Windows 10,3.2kg,1749.0,16,3.2,От 1000 евро
208,Dell,Precision 7520,Workstation,15.6,4K Ultra HD 3840x2160,Intel Xeon E3-1505M V6 3GHz,16GB,256GB SSD +  1TB HDD,Nvidia Quadro M1200,Windows 10,2.8kg,3055.0,16,2.8,От 1000 евро
209,Lenovo,Legion Y520-15IKBN,Gaming,15.6,Full HD 1920x1080,Intel Core i7 7700HQ 2.8GHz,16GB,512GB SSD,Nvidia GeForce GTX 1060,No OS,2.4kg,1398.0,16,2.4,От 1000 евро
210,Dell,Inspiron 3567,Notebook,15.6,Touchscreen 1366x768,Intel Core i3 7100U 2.4GHz,6GB,1TB HDD,Intel HD Graphics 620,Windows 10,2.3kg,439.0,6,2.3,До 1000 евро
211,Dell,XPS 13,Ultrabook,13.3,IPS Panel 4K Ultra HD / Touchscreen 3840x2160,Intel Core i7 8550U 1.8GHz,8GB,256GB SSD,Intel UHD Graphics 620,Windows 10,1.21kg,1949.0,8,1.21,От 1000 евро
212,Dell,XPS 13,Ultrabook,13.3,Full HD 1920x1080,Intel Core i7 8550U 1.8GHz,8GB,256GB SSD,Intel UHD Graphics 620,Windows 10,1.2kg,1449.0,8,1.2,От 1000 евро
213,Lenovo,IdeaPad 320-15IKBN,Notebook,15.6,1366x768,Intel Core i5 7200U 2.5GHz,8GB,256GB SSD,Intel HD Graphics 620,Windows 10,2.2kg,597.0,8,2.2,До 1000 евро
215,Acer,Aspire 7,Notebook,15.6,Full HD 1920x1080,Intel Core i7 7700HQ 2.8GHz,8GB,1TB HDD,Nvidia GeForce GTX 1050,Linux,2.4kg,779.0,8,2.4,До 1000 евро
216,Asus,ROG GL703VD-GC028T,Gaming,17.3,Full HD 1920x1080,Intel Core i7 7700HQ 2.8GHz,16GB,256GB SSD +  1TB HDD,Nvidia GeForce GTX 1050,Windows 10,2.9kg,1407.0,16,2.9,От 1000 евро
217,HP,15-bs018nq (i3-6006U/4GB/500GB/FHD/No,Notebook,15.6,Full HD 1920x1080,Intel Core i3 6006U 2GHz,4GB,500GB HDD,Intel HD Graphics 520,No OS,2.1kg,349.0,4,2.1,До 1000 евро
218,Lenovo,IdeaPad 320-15IKBN,Notebook,15.6,Full HD 1920x1080,Intel Core i5 7200U 2.5GHz,8GB,256GB SSD,Intel HD Graphics 620,No OS,2.2kg,549.0,8,2.2,До 1000 евро
219,Huawei,MateBook X,Ultrabook,13.0,IPS Panel Full HD 2160x1440,Intel Core i7 7500U 2.7GHz,8GB,512GB SSD,Intel HD Graphics 620,Windows 10,1.05kg,1499.0,8,1.05,От 1000 евро
220,Dell,Inspiron 5370,Ultrabook,13.3,IPS Panel Full HD 1920x1080,Intel Core i7 8550U 1.8GHz,8GB,256GB SSD,AMD Radeon 530,Windows 10,1.4kg,931.88,8,1.4,До 1000 евро
221,Lenovo,IdeaPad 320-17IKB,Notebook,17.3,1600x900,Intel Core i5 7200U 2.5GHz,8GB,1TB HDD,Nvidia GeForce GTX 940MX,No OS,2.8kg,589.0,8,2.8,До 1000 евро
222,HP,Probook 440,Notebook,14.0,Full HD 1920x1080,Intel Core i7 8550U 1.8GHz,8GB,256GB SSD,Nvidia GeForce 930MX,Windows 10,1.63kg,1031.0,8,1.63,От 1000 евро
223,Dell,Latitude 5490,Ultrabook,14.0,Full HD 1920x1080,Intel Core i5 8250U 1.6GHz,8GB,256GB SSD,Intel UHD Graphics 620,Windows 10,1.6kg,1149.0,8,1.6,От 1000 евро
224,Dell,Inspiron 5379,2 in 1 Convertible,13.3,Full HD / Touchscreen 1920x1080,Intel Core i7 8550U 1.8GHz,16GB,512GB SSD,Intel UHD Graphics 620,Windows 10,1.62kg,1279.0,16,1.62,От 1000 евро
225,Dell,Inspiron 3576,Notebook,15.6,Full HD 1920x1080,Intel Core i5 8250U 1.6GHz,8GB,256GB SSD,AMD Radeon 520,Linux,2.2kg,677.35,8,2.2,До 1000 евро
226,Lenovo,Yoga 520-14IKB,2 in 1 Convertible,14.0,IPS Panel Full HD 1920x1080,Intel Core i5 8250U 1.6GHz,8GB,256GB SSD,Intel UHD Graphics 620,Windows 10,1.74kg,899.0,8,1.74,До 1000 евро
227,Toshiba,Portege Z30-C-16L,Ultrabook,13.3,Full HD 1920x1080,Intel Core i7 6500U 2.5GHz,8GB,256GB SSD,Intel HD Graphics 520,Windows 10,1.2kg,1363.0,8,1.2,От 1000 евро
228,HP,ProBook 450,Notebook,15.6,Full HD 1920x1080,Intel Core i5 8250U 1.6GHz,8GB,1TB HDD,Intel UHD Graphics 620,Windows 10,2.1kg,794.0,8,2.1,До 1000 евро
229,Dell,Alienware 17,Gaming,17.3,IPS Panel Full HD 1920x1080,Intel Core i7 7700HQ 2.8GHz,16GB,256GB SSD +  1TB HDD,Nvidia GeForce GTX 1060,Windows 10,4.42kg,2456.34,16,4.42,От 1000 евро
230,Acer,Aspire E5-576G,Notebook,15.6,Full HD 1920x1080,Intel Core i7 7500U 2.7GHz,8GB,256GB SSD,Nvidia GeForce 940MX,Windows 10,2.2kg,832.0,8,2.2,До 1000 евро
231,Dell,Inspiron 5567,Notebook,15.6,Full HD / Touchscreen 1920x1080,Intel Core i7 7500U 2.7GHz,16GB,1TB HDD,AMD Radeon R7 M445,Windows 10,2.3kg,859.01,16,2.3,До 1000 евро
232,Asus,Vivobook X541UV-DM1217T,Notebook,15.6,Full HD 1920x1080,Intel Core i5 7200U 2.5GHz,8GB,256GB SSD,Nvidia GeForce 920MX ,Windows 10,2kg,769.0,8,2.0,До 1000 евро
233,Asus,K756UX-T4340T (i5-7200U/8GB/500GB,Notebook,17.3,Full HD 1920x1080,Intel Core i5 7200U 2.5GHz,8GB,256GB SSD +  500GB HDD,Nvidia GeForce GTX 950M,Windows 10,2.69kg,891.0,8,2.69,До 1000 евро
234,HP,ZBook 15u,Notebook,15.6,Full HD 1920x1080,Intel Core i7 7500U 2.7GHz,8GB,1TB HDD,AMD FirePro W4190M ,Windows 10,1.9kg,1269.0,8,1.9,От 1000 евро
235,Asus,Pro P2540UA-XO0198T,Notebook,15.6,1366x768,Intel Core i3 7100U 2.4GHz,4GB,1TB HDD,Intel HD Graphics 620,Windows 10,2.37kg,398.99,4,2.37,До 1000 евро
236,HP,15-rb013nv (E2-9000e/4GB/500GB/W10),Notebook,15.6,1366x768,AMD E-Series 9000e 1.5GHz,4GB,500GB HDD,AMD Radeon R2,Windows 10,2.1kg,330.0,4,2.1,До 1000 евро
237,Lenovo,Legion Y720-15IKB,Gaming,15.6,IPS Panel Full HD 1920x1080,Intel Core i7 7700HQ 2.8GHz,16GB,256GB SSD +  1TB HDD,Nvidia GeForce GTX 1060,Windows 10,3.2kg,1499.0,16,3.2,От 1000 евро
238,Dell,Vostro 5468,Notebook,14.0,Full HD 1920x1080,Intel Core i5 7200U 2.5GHz,8GB,256GB SSD,Intel HD Graphics 620,Windows 10,1.6kg,859.0,8,1.6,До 1000 евро
239,Acer,Aspire R7,2 in 1 Convertible,13.3,IPS Panel Full HD / Touchscreen 1920x1080,Intel Core i5 6200U 2.3GHz,8GB,256GB SSD,Intel HD Graphics 520,Windows 10,1.6kg,689.0,8,1.6,До 1000 евро
240,Dell,Inspiron 5567,Notebook,15.6,Full HD 1920x1080,Intel Core i7 7500U 2.7GHz,16GB,256GB SSD,AMD Radeon R7 M445,Linux,2.36kg,899.0,16,2.36,До 1000 евро
241,Acer,Aspire A315-51,Notebook,15.6,1366x768,Intel Core i3 6006U 2GHz,4GB,1TB HDD,Intel HD Graphics 520,Linux,2.1kg,390.0,4,2.1,До 1000 евро
242,Asus,X555QG-DM242T (A10-9620P/4GB/1TB,Notebook,15.6,Full HD 1920x1080,AMD A10-Series A10-9620P 2.5GHz,4GB,128GB SSD +  1TB HDD,AMD Radeon R5 M430,Windows 10,2.2kg,575.0,4,2.2,До 1000 евро
243,Asus,ROG G703VI-E5062T,Gaming,17.3,Full HD 1920x1080,Intel Core i7 7820HK 2.9GHz,32GB,512GB SSD +  1TB HDD,Nvidia GeForce GTX 1080,Windows 10,4.7kg,3890.0,32,4.7,От 1000 евро
244,Acer,Nitro AN515-51,Gaming,15.6,IPS Panel Full HD 1920x1080,Intel Core i5 7300HQ 2.5GHz,8GB,256GB SSD,Nvidia GeForce GTX 1050,Windows 10,2.5kg,846.0,8,2.5,До 1000 евро
245,Lenovo,IdeaPad 320-15ISK,Notebook,15.6,1366x768,Intel Core i3 6006U 2GHz,8GB,128GB SSD,Intel HD Graphics 520,Windows 10,2.2kg,589.0,8,2.2,До 1000 евро
246,Asus,VivoBook Pro,Notebook,17.3,Full HD 1920x1080,Intel Core i7 8550U 1.8GHz,8GB,128GB SSD +  1TB HDD,Nvidia GeForce 150MX,Windows 10,2.1kg,1145.0,8,2.1,От 1000 евро
247,Asus,F756UX-T4201D (i7-7500U/8GB/128GB,Notebook,17.3,Full HD 1920x1080,Intel Core i7 7500U 2.7GHz,8GB,128GB SSD +  1TB HDD,Nvidia GeForce GTX 950M,No OS,2.69kg,889.0,8,2.69,До 1000 евро
248,Dell,Inspiron 5577,Gaming,15.6,Full HD 1920x1080,Intel Core i5 7300HQ 2.5GHz,8GB,256GB SSD,Nvidia GeForce GTX 1050,Windows 10,2.56kg,879.0,8,2.56,До 1000 евро
249,Lenovo,Yoga 910-13IKB,2 in 1 Convertible,13.9,IPS Panel Full HD / Touchscreen 1920x1080,Intel Core i7 7500U 2.7GHz,8GB,256GB SSD,Intel HD Graphics 620,Windows 10,1.38kg,1079.0,8,1.38,От 1000 евро
250,Dell,Inspiron 5570,Notebook,15.6,Full HD 1920x1080,Intel Core i7 8550U 1.8GHz,8GB,128GB SSD +  2TB HDD,AMD Radeon 530,Windows 10,2.2kg,985.0,8,2.2,До 1000 евро
251,HP,15-bs015dx (i5-7200U/8GB/1TB/W10),Notebook,15.6,Touchscreen 1366x768,Intel Core i5 7200U 2.5GHz,8GB,1TB HDD,Intel HD Graphics 620,Windows 10,2.04kg,559.0,8,2.04,До 1000 евро
252,Asus,Rog G701VIK-BA060T,Gaming,17.3,Full HD 1920x1080,Intel Core i7 7820HK 2.9GHz,16GB,256GB SSD,Nvidia GeForce GTX 1080,Windows 10,3.6kg,2999.0,16,3.6,От 1000 евро
253,HP,ProBook 430,Notebook,13.3,IPS Panel Full HD 1920x1080,Intel Core i5 8250U 1.6GHz,4GB,500GB HDD,Intel UHD Graphics 620,Windows 10,1.49kg,675.0,4,1.49,До 1000 евро
254,Apple,MacBook Pro,Ultrabook,13.3,IPS Panel Retina Display 2560x1600,Intel Core i5 3.1GHz,8GB,512GB SSD,Intel Iris Plus Graphics 650,macOS,1.37kg,2040.0,8,1.37,От 1000 евро
255,Dell,Inspiron 5579,2 in 1 Convertible,15.6,IPS Panel Full HD / Touchscreen 1920x1080,Intel Core i7 8550U 1.8GHz,8GB,1TB HDD,Intel UHD Graphics 620,Windows 10,2.08kg,819.0,8,2.08,До 1000 евро
256,Asus,ROG G752VSK-GC493T,Gaming,17.3,Full HD 1920x1080,Intel Core i7 7700HQ 2.8GHz,16GB,256GB SSD +  1TB HDD,Nvidia GeForce GTX 980M,Windows 10,4.3kg,1799.0,16,4.3,От 1000 евро
257,Asus,X505BP-BR019T (A9-9420/4GB/1TB/Radeon,Notebook,15.6,1366x768,AMD A9-Series 9420 3GHz,4GB,1TB HDD,AMD Radeon R5 M420,Windows 10,1.68kg,469.0,4,1.68,До 1000 евро
258,Lenovo,Yoga 920-13IKB,2 in 1 Convertible,13.9,IPS Panel Full HD / Touchscreen 1920x1080,Intel Core i7 8550U 1.8GHz,8GB,512GB SSD,Intel UHD Graphics 620,Windows 10,1.37kg,1849.0,8,1.37,От 1000 евро
259,Acer,Aspire 5,Notebook,17.3,IPS Panel Full HD 1920x1080,Intel Core i3 7130U 2.7GHz,4GB,256GB SSD,Nvidia GeForce MX130,Windows 10,3kg,702.0,4,3.0,До 1000 евро
260,Dell,Vostro 5370,Ultrabook,13.3,Full HD 1920x1080,Intel Core i5 8250U 1.6GHz,8GB,256GB SSD,Intel UHD Graphics 620,Windows 10,1.41kg,949.0,8,1.41,До 1000 евро
261,HP,15-BW094nd (A6-9220/8GB/128GB/W10),Notebook,15.6,1366x768,AMD A6-Series A6-9220 2.5GHz,8GB,128GB SSD,AMD Radeon R4 Graphics,Windows 10,1.91kg,445.9,8,1.91,До 1000 евро
262,HP,Envy 17-U275cl,Notebook,17.3,IPS Panel Full HD 1920x1080,Intel Core i7 8550U 1.8GHz,16GB,1TB HDD,Nvidia GeForce MX150,Windows 10,2.9kg,1059.0,16,2.9,От 1000 евро
263,MSI,GT73EVR 7RE,Gaming,17.3,Full HD 1920x1080,Intel Core i7 7700HQ 2.8GHz,16GB,512GB SSD +  1TB HDD,Nvidia GeForce GTX 1070,Windows 10,4.14kg,2499.0,16,4.14,От 1000 евро
264,Lenovo,Yoga 720-15IKB,2 in 1 Convertible,15.6,IPS Panel Full HD / Touchscreen 1920x1080,Intel Core i7 7700HQ 2.8GHz,8GB,512GB SSD,Nvidia GeForce GTX 1050M,Windows 10,2kg,1699.0,8,2.0,От 1000 евро
265,Dell,Inspiron 5770,Notebook,17.3,Full HD 1920x1080,Intel Core i7 8550U 1.8GHz,8GB,128GB SSD +  1TB HDD,AMD Radeon 530,Windows 10,2.8kg,1142.0,8,2.8,От 1000 евро
266,Lenovo,IdeaPad 320-15ISK,Notebook,15.6,Full HD 1920x1080,Intel Core i3 6006U 2GHz,4GB,256GB SSD,Intel HD Graphics 520,No OS,2.2kg,444.0,4,2.2,До 1000 евро
267,HP,ProBook 450,Notebook,15.6,IPS Panel Full HD 1920x1080,Intel Core i5 8250U 1.6GHz,4GB,500GB HDD,Intel HD Graphics 620,Windows 10,2.1kg,722.0,4,2.1,До 1000 евро
268,Dell,Vostro 3568,Notebook,15.6,Full HD 1920x1080,Intel Core i5 7200U 2.5GHz,4GB,1TB HDD,Intel HD Graphics 620,Windows 10,2.18kg,657.0,4,2.18,До 1000 евро
269,Dell,Inspiron 3567,Notebook,15.6,Full HD 1920x1080,Intel Core i5 7200U 2.5GHz,8GB,1TB HDD,AMD Radeon R5 M430,Windows 10,2.24kg,565.0,8,2.24,До 1000 евро
270,Dell,Inspiron 5579,2 in 1 Convertible,15.6,Full HD / Touchscreen 1920x1080,Intel Core i5 8250U 1.6GHz,8GB,256GB SSD,Intel UHD Graphics 620,Windows 10,2.67kg,799.0,8,2.67,До 1000 евро
271,Asus,ZenBook Flip,2 in 1 Convertible,13.3,Full HD / Touchscreen 1920x1080,Intel Core i7 8550U 1.8GHz,8GB,512GB SSD +  512GB SSD,Intel UHD Graphics 620,Windows 10,1.1kg,1499.0,8,1.1,От 1000 евро
272,Lenovo,IdeaPad 320-15IKBN,Notebook,15.6,Full HD 1920x1080,Intel Core i5 7200U 2.5GHz,4GB,1TB HDD,Intel HD Graphics 620,No OS,2.2kg,467.0,4,2.2,До 1000 евро
273,HP,Probook 470,Notebook,17.3,Full HD 1920x1080,Intel Core i7 8550U 1.8GHz,8GB,1TB HDD,Nvidia GeForce 930MX ,Windows 10,2.5kg,1018.0,8,2.5,От 1000 евро
274,Lenovo,V330-15IKB (i7-8550U/8GB/256GB/FHD/W10),Notebook,15.6,Full HD 1920x1080,Intel Core i7 8550U 1.8GHz,8GB,256GB SSD,Intel UHD Graphics 620,Windows 10,2.05kg,880.0,8,2.05,До 1000 евро
275,Apple,MacBook Pro,Ultrabook,13.3,IPS Panel Retina Display 2560x1600,Intel Core i5 2.9GHz,8GB,512GB SSD,Intel Iris Graphics 550,macOS,1.37kg,1958.9,8,1.37,От 1000 евро
276,Asus,Rog Strix,Gaming,17.3,Full HD 1920x1080,AMD Ryzen 1700 3GHz,16GB,256GB SSD +  1TB HDD,AMD Radeon RX 580,Windows 10,3.2kg,1549.0,16,3.2,От 1000 евро
277,Dell,Inspiron 3576,Notebook,15.6,Full HD 1920x1080,Intel Core i7 8550U 1.8GHz,8GB,256GB SSD,AMD Radeon 520,Linux,2.14kg,735.07,8,2.14,До 1000 евро
278,Lenovo,ThinkPad X1,2 in 1 Convertible,14.0,Touchscreen 2560x1440,Intel Core i7 6600U 2.6GHz,16GB,512GB SSD,Intel HD Graphics 520,Windows 10,1.36kg,2499.0,16,1.36,От 1000 евро
279,Toshiba,Satellite Pro,Notebook,15.6,1366x768,Intel Core i7 6500U 2.5GHz,8GB,500GB HDD,Nvidia GeForce 930M,Windows 10,2.2kg,812.0,8,2.2,До 1000 евро
280,Dell,Inspiron 5567,Notebook,15.6,1366x768,Intel Core i7 7500U 2.7GHz,12GB,1TB HDD,Intel HD Graphics 620,Windows 10,2.3kg,713.07,12,2.3,До 1000 евро
281,Dell,Inspiron 5770,Notebook,17.3,Full HD 1920x1080,Intel Core i7 8550U 1.8GHz,8GB,128GB SSD +  1TB HDD,AMD Radeon 530,Linux,2.8kg,1099.0,8,2.8,От 1000 евро
282,Acer,Aspire A515-51G,Notebook,15.6,IPS Panel Full HD 1920x1080,Intel Core i7 8550U 1.8GHz,8GB,1TB HDD,Nvidia GeForce MX130,Windows 10,2.2kg,745.0,8,2.2,До 1000 евро
283,Lenovo,IdeaPad 320-17ISK,Notebook,17.3,1600x900,Intel Core i3 6006U 2GHz,4GB,1TB HDD,Intel HD Graphics 520,Windows 10,2.8kg,489.0,4,2.8,До 1000 евро
284,Lenovo,IdeaPad 320-17IKBR,Notebook,17.3,Full HD 1920x1080,Intel Core i7 8550U 1.8GHz,8GB,2TB HDD,Nvidia GeForce MX150,No OS,2.8kg,849.0,8,2.8,До 1000 евро
285,Lenovo,IdeaPad 320-17IKB,Notebook,17.3,1600x900,Intel Core i7 7500U 2.7GHz,6GB,128GB SSD +  1TB HDD,Nvidia GeForce 940MX,Windows 10,2.8kg,859.0,6,2.8,До 1000 евро
286,Dell,Inspiron 3567,Notebook,15.6,Full HD 1920x1080,Intel Core i3 6006U 2.0GHz,4GB,1TB HDD,AMD Radeon R5 M430,Linux,2.25kg,428.0,4,2.25,До 1000 евро
287,Lenovo,Legion Y520-15IKBN,Gaming,15.6,IPS Panel Full HD 1920x1080,Intel Core i5 7300HQ 2.5GHz,8GB,256GB SSD,Nvidia GeForce GTX 1050,Windows 10,2.5kg,829.0,8,2.5,До 1000 евро
288,Lenovo,Ideapad 320-15IKBN,Notebook,15.6,Full HD 1920x1080,Intel Core i5 7200U 2.5GHz,6GB,256GB SSD,Intel HD Graphics 620,Windows 10,2.2kg,579.0,6,2.2,До 1000 евро
289,Acer,Aspire A517-51G,Notebook,15.6,IPS Panel Full HD 1920x1080,Intel Core i7 8550U 1.8GHz,8GB,256GB SSD,Nvidia GeForce MX150,Windows 10,3kg,951.0,8,3.0,До 1000 евро
290,Acer,SP315-51 (i7-7500U/12GB/1TB/FHD/W10),Notebook,15.6,IPS Panel Full HD / Touchscreen 1920x1080,Intel Core i7 7500U 2.7GHz,12GB,1TB HDD,Intel HD Graphics 620,Windows 10,2.15kg,659.0,12,2.15,До 1000 евро
291,Lenovo,Thinkpad T570,Notebook,15.6,IPS Panel Full HD 1920x1080,Intel Core i7 7500U 2.7GHz,8GB,256GB SSD,Intel HD Graphics 630,Windows 10,1.95kg,1097.0,8,1.95,От 1000 евро
292,Asus,VivoBook S15,Ultrabook,15.6,Full HD 1920x1080,Intel Core i5 7200U 2.5GHz,8GB,256GB SSD,Nvidia GeForce 940MX,Windows 10,1.7kg,977.0,8,1.7,До 1000 евро
293,Lenovo,Legion Y520-15IKBN,Gaming,15.6,IPS Panel Full HD 1920x1080,Intel Core i7 7700HQ 2.8GHz,16GB,256GB SSD +  1TB HDD,Nvidia GeForce GTX 1050 Ti,Windows 10,2.5kg,1179.0,16,2.5,От 1000 евро
294,Lenovo,IdeaPad 320-15IKB,Notebook,15.6,Full HD 1920x1080,Intel Core i7 7500U 2.7GHz,8GB,1TB HDD,Nvidia GeForce 940MX,No OS,2.2kg,659.01,8,2.2,До 1000 евро
295,Acer,Chromebook C910-C2ST,Notebook,15.6,1366x768,Intel Celeron Dual Core 3205U 1.5GHz,2GB,16GB SSD,Intel HD Graphics,Chrome OS,2.19kg,199.0,2,2.19,До 1000 евро
296,Asus,FX753VD-GC071T (i7-7700HQ/8GB/1TB/GeForce,Gaming,17.3,Full HD 1920x1080,Intel Core i7 7700HQ 2.8GHz,8GB,1TB HDD,Nvidia GeForce GTX 1050,Windows 10,3kg,1187.0,8,3.0,От 1000 евро
297,HP,17-BS037cl (i3-6006U/8GB/1TB/W10),Notebook,17.3,1600x900,Intel Core i3 6006U 2GHz,8GB,1TB HDD,Intel HD Graphics 520,Windows 10,2.54kg,489.0,8,2.54,До 1000 евро
298,Dell,XPS 15,Notebook,15.6,Full HD 1920x1080,Intel Core i7 7700HQ 2.8GHz,8GB,256GB SSD,Nvidia GeForce GTX 1050,Windows 10,2kg,1829.0,8,2.0,От 1000 евро
299,Lenovo,V330-15IKB (i5-8250U/8GB/256GB/FHD/W10),Notebook,15.6,Full HD 1920x1080,Intel Core i5 8250U 1.6GHz,8GB,256GB SSD,Intel UHD Graphics 620,Windows 10,2.05kg,739.0,8,2.05,До 1000 евро
300,Lenovo,Legion Y720-15IKB,Gaming,15.6,IPS Panel Full HD 1920x1080,Intel Core i7 7700HQ 2.8GHz,8GB,1TB HDD,Nvidia GeForce GTX 1060,Windows 10,3.2kg,1299.0,8,3.2,От 1000 евро
301,Acer,Aspire A715-71G,Notebook,15.6,Full HD 1920x1080,Intel Core i7 7700HQ 2.8GHz,8GB,256GB SSD,Nvidia GeForce GTX 1050 Ti,Linux,2.5kg,979.0,8,2.5,До 1000 евро
302,Dell,Precision 7720,Workstation,17.3,Full HD 1920x1080,Intel Core i7 7820HQ 2.9GHz,16GB,256GB SSD,Nvidia Quadro M1200,Windows 10,3.42kg,2884.86,16,3.42,От 1000 евро
303,Lenovo,IdeaPad 310-15ABR,Notebook,15.6,Full HD 1920x1080,AMD A10-Series 9600P 2.4GHz,6GB,1TB HDD,AMD Radeon R5 430,Windows 10,2.4kg,499.0,6,2.4,До 1000 евро
304,Asus,ZenBook UX530UQ-PRO,Ultrabook,15.6,Full HD 1920x1080,Intel Core i7 7500U 2.7GHz,16GB,512GB SSD,Nvidia GeForce 940MX,Windows 10,1.63kg,1468.0,16,1.63,От 1000 евро
305,Asus,VivoBook S14,Notebook,14.0,1366x768,Intel Core i3 7100U 2.4GHz,4GB,128GB SSD,Intel HD Graphics 620,Windows 10,1.3kg,509.0,4,1.3,До 1000 евро
306,Asus,Rog GL702VS-GC095T,Gaming,17.3,Full HD 1920x1080,Intel Core i7 7700HQ 2.8GHz,16GB,256GB SSD +  1TB HDD,Nvidia GeForce GTX 1070,Windows 10,2.9kg,2122.0,16,2.9,От 1000 евро
307,Lenovo,IdeaPad 320-17IKB,Notebook,17.3,1600x900,Intel Core i5 7200U 2.5GHz,6GB,1TB HDD,Nvidia GeForce GTX 940M,Windows 10,2.8kg,649.0,6,2.8,До 1000 евро
308,Lenovo,IdeaPad 320-15IKBN,Notebook,15.6,1366x768,Intel Core i5 7200U 2.5GHz,8GB,2TB HDD,Nvidia GeForce 940MX,No OS,2.2kg,549.0,8,2.2,До 1000 евро
309,Asus,GL553VE-FY082T (i7-7700HQ/8GB/1TB,Gaming,15.6,Full HD 1920x1080,Intel Core i7 7700HQ 2.8GHz,8GB,128GB SSD +  1TB HDD,Nvidia GeForce GTX 1050 Ti,Windows 10,2.5kg,1265.0,8,2.5,От 1000 евро
310,Lenovo,IdeaPad 320-15IAP,Notebook,15.6,1366x768,Intel Pentium Quad Core N4200 1.1GHz,4GB,1TB HDD,Intel HD Graphics 505,No OS,2.2kg,359.99,4,2.2,До 1000 евро
311,HP,EliteBook x360,2 in 1 Convertible,13.3,Full HD / Touchscreen 1920x1080,Intel Core i7 7600U 2.8GHz,16GB,256GB SSD,Intel HD Graphics 620,Windows 10,1.28kg,1975.0,16,1.28,От 1000 евро
312,Toshiba,Satellite Pro,Notebook,15.6,IPS Panel Full HD 1920x1080,Intel Core i7 6500U 2.5GHz,8GB,256GB SSD,Nvidia GeForce 930M,Windows 10,2.2kg,1043.0,8,2.2,От 1000 евро
313,Lenovo,IdeaPad 320-15IKB,Notebook,15.6,Full HD 1920x1080,Intel Core i5 7200U 2.5GHz,8GB,128GB SSD +  1TB HDD,Nvidia GeForce 940MX,Windows 10,2.3kg,819.0,8,2.3,До 1000 евро
314,HP,250 G6,Notebook,15.6,Full HD 1920x1080,Intel Core i3 6006U 2GHz,4GB,1TB HDD,Intel HD Graphics 520,Windows 10,1.86kg,469.0,4,1.86,До 1000 евро
315,Lenovo,IdeaPad 720S-13IKB,Notebook,13.3,IPS Panel Full HD 1920x1080,Intel Core i5 7200U 2.5GHz,8GB,256GB SSD,Intel HD Graphics 620,Windows 10,1.1kg,999.0,8,1.1,До 1000 евро
316,Dell,XPS 13,Ultrabook,13.3,IPS Panel 4K Ultra HD / Touchscreen 3840x2160,Intel Core i7 8550U 1.8GHz,16GB,1TB SSD,Intel UHD Graphics 620,Windows 10,1.21kg,2499.0,16,1.21,От 1000 евро
317,MSI,GE63VR 7RF,Gaming,15.6,IPS Panel Full HD 1920x1080,Intel Core i7 7700HQ 2.8GHz,16GB,256GB SSD +  1TB HDD,Nvidia GeForce GTX 1070,Windows 10,2.8kg,2099.0,16,2.8,От 1000 евро
318,Acer,ES1-523-84K7 (A8-7410/8GB/256GB/FHD/W10),Notebook,15.6,Full HD 1920x1080,AMD A8-Series 7410 2.2GHz,8GB,256GB SSD,AMD Radeon R5,Windows 10,2.23kg,469.0,8,2.23,До 1000 евро
319,Asus,VivoBook Flip,2 in 1 Convertible,11.6,Touchscreen 1366x768,Intel Celeron Dual Core N3350 1.1GHz,2GB,32GB Flash Storage,Intel HD Graphics 500,Windows 10,1.1kg,275.0,2,1.1,До 1000 евро
320,Dell,Inspiron 5570,Notebook,15.6,Full HD 1920x1080,Intel Core i5 8250U 1.6GHz,8GB,128GB SSD +  1TB HDD,AMD Radeon 530,Windows 10,2.33kg,844.0,8,2.33,До 1000 евро
321,HP,Spectre x360,2 in 1 Convertible,13.3,IPS Panel 4K Ultra HD / Touchscreen 3840x2160,Intel Core i7 8550U 1.8GHz,16GB,1TB SSD,Intel UHD Graphics 620,Windows 10,1.29kg,2449.0,16,1.29,От 1000 евро
322,Lenovo,ThinkPad 13,Notebook,13.3,1366x768,Intel Celeron Dual Core 3855U 1.6GHz,4GB,16GB Flash Storage,Intel HD Graphics 510,Chrome OS,1.45kg,459.9,4,1.45,До 1000 евро
323,HP,ProBook 640,Notebook,14.0,Full HD 1920x1080,Intel Core i5 7200U 2.5GHz,8GB,256GB SSD,Intel HD Graphics 620,Windows 10,1.95kg,980.0,8,1.95,До 1000 евро
324,Acer,TravelMate B,Notebook,11.6,1366x768,Intel Pentium Quad Core N3710 1.6GHz,4GB,128GB Flash Storage,Intel HD Graphics 405,Windows 10,1.4kg,485.0,4,1.4,До 1000 евро
325,HP,Elitebook 840,Notebook,14.0,Full HD 1920x1080,Intel Core i7 7500U 2.7GHz,8GB,256GB SSD,Intel HD Graphics 620,Windows 10,1.48kg,1292.0,8,1.48,От 1000 евро
326,Lenovo,IdeaPad 320-17IKB,Notebook,17.3,1600x900,Intel Core i5 7200U 2.5GHz,4GB,1TB HDD,Nvidia GeForce 920MX,Windows 10,2.79kg,589.0,4,2.79,До 1000 евро
327,Asus,ZenBook UX410UA-GV183T,Notebook,14.0,Full HD 1920x1080,Intel Core i7 7500U 2.7GHz,8GB,256GB SSD,Intel HD Graphics 620,Windows 10,2kg,1094.0,8,2.0,От 1000 евро
329,HP,ProBook 450,Notebook,15.6,IPS Panel Full HD 1366x768,Intel Core i7 8550U 1.8GHz,8GB,1TB HDD,Intel UHD Graphics 620,Windows 10,2.1kg,902.0,8,2.1,До 1000 евро
330,Acer,Aspire 5,Notebook,15.6,1366x768,AMD A12-Series 9720P 2.7GHz,8GB,256GB SSD,AMD Radeon RX 540,Windows 10,2.2kg,659.0,8,2.2,До 1000 евро
331,Lenovo,IdeaPad 120S-14IAP,Notebook,14.0,1366x768,Intel Celeron Dual Core N3350 1.1GHz,4GB,32GB Flash Storage,Intel HD Graphics 500,Windows 10,1.44kg,292.0,4,1.44,До 1000 евро
332,Acer,Aspire E5-575,Notebook,15.6,1366x768,Intel Core i5 7200U 2.5GHz,6GB,1TB HDD,Intel HD Graphics 620,Windows 10,2.23kg,549.0,6,2.23,До 1000 евро
333,Asus,VivoBook S15,Ultrabook,15.6,Full HD 1920x1080,Intel Core i7 7500U 2.7GHz,8GB,256GB SSD,Nvidia GeForce 940MX,Windows 10,1.7kg,1049.9,8,1.7,От 1000 евро
334,HP,Elitebook 820,Ultrabook,12.5,Full HD 1920x1080,Intel Core i7 7500U 2.7GHz,8GB,256GB SSD,Intel HD Graphics 620,Windows 10,1.26kg,1335.0,8,1.26,От 1000 евро
335,Dell,XPS 15,Notebook,15.6,4K Ultra HD / Touchscreen 3840x2160,Intel Core i7 7700HQ 2.8GHz,32GB,1TB SSD,Nvidia GeForce GTX 1050,Windows 10,2.06kg,2639.0,32,2.06,От 1000 евро
336,MSI,GL72M 7REX,Gaming,17.3,Full HD 1920x1080,Intel Core i7 7700HQ 2.8GHz,8GB,256GB SSD +  1TB HDD,Nvidia GeForce GTX 1050 Ti,Windows 10,2.7kg,1199.0,8,2.7,От 1000 евро
337,Toshiba,Satellite Pro,Notebook,15.6,IPS Panel Full HD 1920x1080,Intel Core i5 7200U 2.5GHz,8GB,256GB SSD,Intel HD Graphics 620,Windows 10,2.0kg,943.0,8,2.0,До 1000 евро
338,Asus,UX510UX-CN269T (i7-7500U/8GB/256GB,Notebook,14.0,Full HD 1920x1080,Intel Core i7 7500U 2.7GHz,8GB,256GB SSD +  1TB HDD,Intel HD Graphics 620,Windows 10,2kg,1334.0,8,2.0,От 1000 евро
339,Lenovo,V310-15ISK (i3-6006U/4GB/1TB/FHD/W10),Notebook,15.6,Full HD 1920x1080,Intel Core i3 6006U 2GHz,4GB,1TB HDD,Intel HD Graphics 520,Windows 10,1.85kg,449.0,4,1.85,До 1000 евро
340,Asus,FX553VD-FY647T (i7-7700HQ/8GB/256GB/GeForce,Gaming,15.6,Full HD 1920x1080,Intel Core i7 7700HQ 2.8GHz,8GB,256GB SSD,Nvidia GeForce GTX 1050,Windows 10,2.5kg,999.0,8,2.5,До 1000 евро
341,HP,EliteBook 840,Notebook,14.0,Full HD 1920x1080,Intel Core i5 7300U 2.6GHz,8GB,256GB SSD,Intel HD Graphics 620,Windows 10,1.48kg,1268.0,8,1.48,От 1000 евро
342,Dell,Inspiron 7570,Ultrabook,15.6,IPS Panel Full HD 1920x1080,Intel Core i5 8250U 1.6GHz,8GB,128GB SSD +  1TB HDD,Nvidia GeForce 940MX,Windows 10,1.9kg,1049.0,8,1.9,От 1000 евро
343,HP,Elitebook 850,Notebook,15.6,Full HD 1920x1080,Intel Core i5 7200U 2.5GHz,8GB,256GB SSD,Intel HD Graphics 620,Windows 10,1.84kg,1144.0,8,1.84,От 1000 евро
344,Asus,X541NA (N3350/4GB/1TB/Linux),Notebook,15.6,1366x768,Intel Celeron Dual Core N3350 1.1GHz,4GB,1TB HDD,Intel HD Graphics 500,Linux,2kg,274.99,4,2.0,До 1000 евро
345,Dell,Inspiron 7570,Notebook,15.6,Full HD 1920x1080,Intel Core i5 8250U 1.6GHz,8GB,256GB SSD,Nvidia GeForce 940MX,Windows 10,2kg,1142.75,8,2.0,От 1000 евро
346,Dell,Inspiron 3552,Notebook,15.6,1366x768,Intel Celeron Dual Core N3060 1.6GHz,4GB,500GB HDD,Intel HD Graphics,Linux,2.2kg,274.9,4,2.2,До 1000 евро
347,Lenovo,IdeaPad 320-15ABR,Notebook,15.6,Full HD 1920x1080,AMD A12-Series 9720P 3.6GHz,12GB,2TB HDD,AMD Radeon 530,Windows 10,2.2kg,899.0,12,2.2,До 1000 евро
348,HP,ProBook 450,Notebook,15.6,IPS Panel Full HD 1920x1080,Intel Core i3 7100U 2.4GHz,8GB,1TB HDD,Nvidia GeForce 930MX ,Windows 10,2.1kg,716.0,8,2.1,До 1000 евро
349,Lenovo,Yoga 920-13IKB,2 in 1 Convertible,13.9,IPS Panel 4K Ultra HD / Touchscreen 3840x2160,Intel Core i7 8550U 1.8GHz,16GB,512GB SSD,Intel UHD Graphics 620,Windows 10,1.4kg,2099.0,16,1.4,От 1000 евро
350,Dell,XPS 13,Ultrabook,13.3,Full HD 1920x1080,Intel Core i7 8550U 1.8GHz,8GB,256GB SSD,Intel UHD Graphics 620,Windows 10,1.2kg,1579.0,8,1.2,От 1000 евро
351,Lenovo,Legion Y520-15IKBN,Gaming,15.6,IPS Panel Full HD 1920x1080,Intel Core i7 7700HQ 2.8GHz,16GB,256GB SSD +  2TB HDD,Nvidia GeForce GTX 1050 Ti,Windows 10,2.4kg,1129.0,16,2.4,От 1000 евро
352,HP,Stream 14-AX001nv,Notebook,14.0,1366x768,Intel Celeron Dual Core N3060 1.6GHz,2GB,32GB Flash Storage,Intel HD Graphics 400,Windows 10,1.44kg,279.0,2,1.44,До 1000 евро
353,Dell,Latitude 5590,Ultrabook,15.6,Full HD 1920x1080,Intel Core i7 8650U 1.9GHz,16GB,512GB SSD +  256GB SSD,Intel UHD Graphics 620,Windows 10,1.88kg,1607.96,16,1.88,От 1000 евро
354,Asus,VivoBook Flip,2 in 1 Convertible,11.6,Touchscreen 1366x768,Intel Celeron Dual Core N3350 1.1GHz,4GB,32GB Flash Storage,Intel HD Graphics 500,Windows 10,1.5kg,375.0,4,1.5,До 1000 евро
355,Dell,Inspiron 5570,Ultrabook,15.6,Full HD 1920x1080,Intel Core i5 8250U 1.6GHz,8GB,1TB HDD,AMD Radeon 530,Windows 10,1.9kg,663.0,8,1.9,До 1000 евро
356,Dell,XPS 15,Notebook,15.6,4K Ultra HD / Touchscreen 3840x2160,Intel Core i7 7700HQ 2.8GHz,16GB,512GB SSD,Nvidia GeForce GTX 1050,Windows 10,2.06kg,2027.42,16,2.06,От 1000 евро
357,HP,Elitebook 850,Notebook,15.6,Full HD 1920x1080,Intel Core i7 7500U 2.7GHz,8GB,256GB SSD,Intel HD Graphics 620,Windows 10,1.84kg,1304.0,8,1.84,От 1000 евро
358,MSI,GP72MVR 7RFX,Gaming,17.3,Full HD 1920x1080,Intel Core i7 7700HQ 2.8GHz,8GB,128GB SSD +  1TB HDD,Nvidia GeForce GTX 1060,Windows 10,2.7kg,1409.0,8,2.7,От 1000 евро
359,HP,Zbook 15,Workstation,15.6,Full HD 1920x1080,Intel Core i7 7700HQ 2.8GHz,8GB,256GB SSD,Nvidia Quadro M1200,Windows 10,2.6kg,1738.27,8,2.6,От 1000 евро
360,Toshiba,Tecra A50-C-21G,Notebook,15.6,IPS Panel Full HD 1920x1080,Intel Core i7 6500U 2.5GHz,16GB,512GB SSD,Nvidia GeForce 930M,Windows 10,2.4kg,1403.0,16,2.4,От 1000 евро
361,Dell,Inspiron 5570,Notebook,15.6,Full HD 1920x1080,Intel Core i7 8550U 1.8GHz,8GB,128GB SSD +  2TB HDD,AMD Radeon 530,Windows 10,2.02kg,970.9,8,2.02,До 1000 евро
362,Lenovo,IdeaPad 320-15IAP,Notebook,15.6,1366x768,Intel Celeron Dual Core N3350 1.1GHz,4GB,1TB HDD,Intel HD Graphics 500,No OS,2.2kg,321.99,4,2.2,До 1000 евро
363,Dell,Inspiron 7577,Gaming,15.6,Full HD 1920x1080,Intel Core i5 7300HQ 2.5GHz,8GB,1TB HDD,Nvidia GeForce GTX 1050,Windows 10,2.65kg,999.0,8,2.65,До 1000 евро
364,Dell,Inspiron 3567,Notebook,15.6,Touchscreen 1366x768,Intel Core i5 7200U 2.5GHz,8GB,2TB HDD,Intel HD Graphics 620,Windows 10,2.36kg,557.37,8,2.36,До 1000 евро
365,Dell,Latitude 7480,Notebook,14.0,Full HD 1920x1080,Intel Core i5 7300U 2.6GHz,8GB,256GB SSD,Intel HD Graphics 620,Windows 10,1.36kg,1427.0,8,1.36,От 1000 евро
366,HP,250 G6,Notebook,15.6,1366x768,Intel Core i3 6006U 2GHz,4GB,500GB HDD,Intel HD Graphics 520,Windows 10,1.86kg,439.0,4,1.86,До 1000 евро
367,Asus,Zenbook UX410UA-GV027T,Notebook,14.0,Full HD 1920x1080,Intel Core i5 7200U 2.5GHz,8GB,256GB SSD,Intel HD Graphics 620,Windows 10,2kg,945.0,8,2.0,До 1000 евро
368,Lenovo,IdeaPad 320-17IKB,Notebook,17.3,1600x900,Intel Core i5 7200U 2.5GHz,6GB,128GB SSD +  1TB HDD,Nvidia GeForce GTX 940MX,Windows 10,2.8kg,719.0,6,2.8,До 1000 евро
369,HP,250 G6,Notebook,15.6,Full HD 1920x1080,Intel Core i5 7200U 2.5GHz,8GB,1TB HDD,Intel HD Graphics 620,Windows 10,1.86kg,639.0,8,1.86,До 1000 евро
370,Lenovo,IdeaPad 320-15ISK,Notebook,15.6,1366x768,Intel Core i3 6006U 2GHz,8GB,256GB SSD,Nvidia GeForce 920MX ,No OS,2.2kg,499.0,8,2.2,До 1000 евро
371,HP,15-AY023na (N3710/8GB/2TB/W10),Notebook,15.6,1366x768,Intel Pentium Quad Core N3710 1.6GHz,8GB,2TB HDD,Intel HD Graphics 405,Windows 10,2.04kg,389.0,8,2.04,До 1000 евро
372,Dell,Inspiron 5770,Notebook,17.3,Full HD 1920x1080,Intel Core i5 8250U 1.6GHz,8GB,128GB SSD +  1TB HDD,AMD Radeon 530,Windows 10,2.8kg,1085.0,8,2.8,От 1000 евро
373,Lenovo,Legion Y520-15IKBN,Gaming,15.6,IPS Panel Full HD 1920x1080,Intel Core i5 7300HQ 2.5GHz,8GB,128GB SSD +  1TB HDD,Nvidia GeForce GTX 1050,No OS,2.4kg,809.0,8,2.4,До 1000 евро
374,Dell,Inspiron 5567,Notebook,15.6,Full HD 1920x1080,Intel Core i7 7500U 2.7GHz,8GB,256GB SSD,AMD Radeon R7 M445,Windows 10,2.33kg,899.0,8,2.33,До 1000 евро
375,HP,Elitebook 1040,Ultrabook,14.0,IPS Panel Full HD 1920x1080,Intel Core i7 7500U 2.7GHz,8GB,256GB SSD,Intel HD Graphics 620,Windows 10,1.36kg,1750.0,8,1.36,От 1000 евро
376,Asus,ZenBook Flip,2 in 1 Convertible,15.6,Full HD / Touchscreen 1920x1080,Intel Core i7 7500U 2.7GHz,12GB,512GB SSD +  2TB HDD,Nvidia GeForce GT 940MX,Windows 10,2.26kg,1099.0,12,2.26,От 1000 евро
377,Acer,Aspire 3,Notebook,15.6,1366x768,AMD A9-Series 9420 3GHz,4GB,128GB SSD,AMD Radeon R5,Windows 10,2.1kg,426.0,4,2.1,До 1000 евро
378,Asus,Rog Strix,Gaming,17.3,IPS Panel Full HD 1920x1080,AMD Ryzen 1700 3GHz,16GB,256GB SSD +  1TB HDD,AMD Radeon RX 580,Windows 10,3.25kg,2199.0,16,3.25,От 1000 евро
379,Lenovo,IdeaPad 110-17ACL,Notebook,17.3,1600x900,AMD A8-Series 7410 2.2GHz,4GB,128GB SSD,AMD Radeon R5,Windows 10,2.6kg,489.0,4,2.6,До 1000 евро
380,Dell,Inspiron 5379,2 in 1 Convertible,13.3,Full HD / Touchscreen 1920x1080,Intel Core i7 8550U 1.8GHz,8GB,256GB SSD,Intel UHD Graphics 620,Windows 10,1.62kg,869.01,8,1.62,До 1000 евро
381,HP,15-bw003nv (A9-Series-9420/4GB/256GB/FHD/W10),Notebook,15.6,Full HD 1920x1080,AMD A9-Series 9420 3GHz,4GB,256GB SSD,AMD Radeon R5,Windows 10,1.91kg,488.99,4,1.91,До 1000 евро
382,Lenovo,Yoga 11e,Netbook,11.6,IPS Panel 1366x768,Intel Celeron Quad Core N3450 1.1GHz,4GB,128GB SSD,Intel HD Graphics 500,Windows 10,1.59kg,553.0,4,1.59,До 1000 евро
383,Dell,Inspiron 3552,Notebook,15.6,1366x768,Intel Celeron Dual Core N3060 1.60GHz,4GB,500GB HDD,Intel HD Graphics 400,Windows 10,1.8kg,309.0,4,1.8,До 1000 евро
384,Asus,VivoBook E403NA,Notebook,14.0,1366x768,Intel Celeron Dual Core N3350 1.1GHz,4GB,32GB Flash Storage,Intel HD Graphics 500,Windows 10,1.5kg,286.0,4,1.5,До 1000 евро
385,Acer,Aspire 7,Notebook,15.6,Full HD 1920x1080,Intel Core i7 7700HQ 2.8GHz,8GB,1TB HDD,Nvidia GeForce GTX 1050,Linux,2.4kg,846.0,8,2.4,До 1000 евро
386,HP,Omen 17-w212nv,Gaming,17.3,IPS Panel Full HD 1920x1080,Intel Core i7 7700HQ 2.8GHz,8GB,128GB SSD +  1TB HDD,Nvidia GeForce GTX 1050,Windows 10,3.35kg,1191.0,8,3.35,От 1000 евро
387,Lenovo,V310-15ISK (i3-6006U/4GB/128GB/FHD/No,Notebook,15.6,Full HD 1920x1080,Intel Core i3 6006U 2GHz,4GB,128GB SSD,Intel HD Graphics 520,No OS,1.85kg,403.5,4,1.85,До 1000 евро
388,Asus,ROG Strix,Gaming,15.6,IPS Panel Full HD 1920x1080,Intel Core i7 7700HQ 2.8GHz,8GB,128GB SSD +  1TB HDD,Nvidia GeForce GTX 1060,Windows 10,2.3kg,1655.0,8,2.3,От 1000 евро
389,Lenovo,IdeaPad 720S-14IKB,Notebook,14.0,IPS Panel Full HD 1920x1080,Intel Core i5 7200U 2.5GHz,8GB,256GB SSD,Nvidia GeForce 940MX,Windows 10,1.5kg,1099.0,8,1.5,От 1000 евро
390,Asus,Zenbook Flip,Ultrabook,13.3,Full HD / Touchscreen 1920x1080,Intel Core i7 7500U 2.7GHz,16GB,512GB SSD,Intel HD Graphics 620,Windows 10,1.1kg,1748.9,16,1.1,От 1000 евро
391,Lenovo,Thinkpad X1,Ultrabook,14.0,IPS Panel 2560x1440,Intel Core i7 7500U 2.7GHz,8GB,512GB SSD,Intel HD Graphics 620,Windows 10,1.13kg,2282.0,8,1.13,От 1000 евро
392,Lenovo,Ideapad 510S-13IKB,Notebook,13.3,IPS Panel Full HD 1920x1080,Intel Core i3 7100U 2.4GHz,4GB,128GB SSD,Intel HD Graphics 620,Windows 10,1.5kg,549.0,4,1.5,До 1000 евро
393,Dell,Precision 3510,Workstation,15.6,Full HD 1920x1080,Intel Core i5 6440HQ 2.6GHz,8GB,500GB HDD,AMD FirePro W5130M,Windows 10,2.23kg,1369.0,8,2.23,От 1000 евро
394,Dell,Precision 5520,Workstation,15.6,IPS Panel Full HD 1920x1080,Intel Core i7 6820HQ 2.7GHz,8GB,256GB SSD,Nvidia Quadro M1200,Windows 10,2kg,2135.0,8,2.0,От 1000 евро
395,Lenovo,ThinkPad X1,2 in 1 Convertible,14.0,Touchscreen 2560x1440,Intel Core i7 7500U 2.7GHz,16GB,512GB SSD,Intel HD Graphics 620,Windows 10,1.42kg,2509.0,16,1.42,От 1000 евро
396,Asus,Rog GL753VD-GC042T,Gaming,17.3,Full HD 1920x1080,Intel Core i7 7700HQ 2.8GHz,8GB,1TB HDD,Nvidia GeForce GTX 1050,Windows 10,3kg,1039.0,8,3.0,От 1000 евро
397,Asus,Rog GL753VE-GC070T,Gaming,17.3,Full HD 1920x1080,Intel Core i7 7700HQ 2.8GHz,16GB,256GB SSD +  1TB HDD,Nvidia GeForce GTX 1050 Ti,Windows 10,3kg,1591.0,16,3.0,От 1000 евро
399,Acer,Aspire 5,Notebook,15.6,IPS Panel 1366x768,Intel Core i5 8250U 1.6GHz,12GB,1TB HDD,Nvidia GeForce MX130,Windows 10,2.2kg,693.99,12,2.2,До 1000 евро
400,MSI,Leopard GP72M,Gaming,17.3,Full HD 1920x1080,Intel Core i7 7700HQ 2.8GHz,8GB,256GB SSD,Nvidia GeForce GTX 1050 Ti,Windows 10,2.7kg,1349.0,8,2.7,От 1000 евро
401,Dell,Inspiron 5567,Notebook,15.6,Full HD 1920x1080,Intel Core i7 7500U 2.7GHz,8GB,256GB SSD,AMD Radeon R7 M445,Linux,2.33kg,778.87,8,2.33,До 1000 евро
402,HP,15-BW004nv (A9-9420/4GB/256GB/Radeon,Ultrabook,15.6,Full HD 1920x1080,AMD A9-Series 9420 3GHz,4GB,256GB SSD,AMD Radeon 520,Windows 10,1.91kg,499.0,4,1.91,До 1000 евро
403,Lenovo,ThinkPad E580,Notebook,15.6,IPS Panel Full HD 1920x1080,Intel Core i7 8550U 1.8GHz,8GB,256GB SSD,AMD Radeon RX 550,Windows 10,2.1kg,1229.56,8,2.1,От 1000 евро
404,Lenovo,ThinkPad L470,Notebook,14.0,IPS Panel Full HD 1920x1080,Intel Core i5 7200U 2.5GHz,8GB,256GB SSD,Intel HD Graphics 620,Windows 10,1.9kg,938.0,8,1.9,До 1000 евро
405,Dell,Precision M5520,Workstation,15.6,4K Ultra HD / Touchscreen 3840x2160,Intel Core i7 7700HQ 2.8GHz,8GB,256GB SSD,Nvidia Quadro M1200,Windows 10,1.78kg,2712.0,8,1.78,От 1000 евро
406,Lenovo,Thinkpad X1,Ultrabook,14.0,IPS Panel 2560x1440,Intel Core i7 7500U 2.7GHz,16GB,1TB SSD,Intel HD Graphics 620,Windows 10,1.13kg,2625.0,16,1.13,От 1000 евро
407,Lenovo,IdeaPad 320-15IAP,Notebook,15.6,1366x768,Intel Celeron Dual Core N3350 1.1GHz,4GB,1TB HDD,Intel HD Graphics 500,Windows 10,2.2kg,306.0,4,2.2,До 1000 евро
408,Asus,FX753VD-GC461T (i7-7700HQ/16GB/1TB,Gaming,17.3,Full HD 1920x1080,Intel Core i7 7700HQ 2.8GHz,16GB,256GB SSD +  1TB HDD,Nvidia GeForce GTX 1050,Windows 10,2.9kg,1529.0,16,2.9,От 1000 евро
409,Lenovo,ThinkPad E580,Notebook,15.6,IPS Panel Full HD 1920x1080,Intel Core i5 8250U 1.6GHz,8GB,256GB SSD +  1TB HDD,AMD Radeon RX 550,Windows 10,2.1kg,1144.5,8,2.1,От 1000 евро
410,Acer,Aspire 7,Notebook,15.6,Full HD 1920x1080,Intel Core i7 7700HQ 2.8GHz,8GB,256GB SSD,Nvidia GeForce GTX 1050,Linux,2.5kg,879.0,8,2.5,До 1000 евро
411,MSI,GE73VR 7RF,Gaming,17.3,Full HD 1920x1080,Intel Core i7 7700HQ 2.8GHz,16GB,256GB SSD +  1TB HDD,Nvidia GeForce GTX 1070,Windows 10,2.8kg,2249.0,16,2.8,От 1000 евро
412,Asus,Zenbook 3,Ultrabook,14.0,Full HD 1920x1080,Intel Core i7 7500U 2.7GHz,8GB,512GB SSD,Intel HD Graphics 620,Windows 10,1.10kg,1873.0,8,1.1,От 1000 евро
413,Toshiba,Portege Z30-C-16P,Ultrabook,13.3,Full HD 1920x1080,Intel Core i7 6500U 2.5GHz,16GB,512GB SSD,Intel HD Graphics 520,Windows 10,1.2kg,1747.0,16,1.2,От 1000 евро
414,Dell,Latitude 7480,Ultrabook,14.0,Full HD 1920x1080,Intel Core i7 7600U 2.8GHz,8GB,512GB SSD,Intel HD Graphics,Windows 10,1.36kg,1680.0,8,1.36,От 1000 евро
415,Lenovo,IdeaPad 320-15ISK,Notebook,15.6,Full HD 1920x1080,Intel Core i3 6006U 2GHz,4GB,500GB HDD,Intel HD Graphics 520,Windows 10,2.2kg,409.0,4,2.2,До 1000 евро
416,Lenovo,Lenovo IdeaPad,Notebook,11.6,1366x768,Intel Celeron Dual Core N3350 1.1GHz,2GB,32GB Flash Storage,Intel HD Graphics 500,Windows 10,1.15kg,304.45,2,1.15,До 1000 евро
417,Lenovo,ThinkPad P51,Workstation,15.6,Full HD 1920x1080,Intel Core i7 7700HQ 2.8GHz,8GB,512GB SSD,Nvidia Quadro M1200,Windows 10,2.67kg,1925.0,8,2.67,От 1000 евро
418,Lenovo,Thinkpad T470p,Ultrabook,14.0,IPS Panel Full HD 2560x1440,Intel Core i7 7700HQ 2.8GHz,8GB,512GB SSD,Nvidia GeForce GT 940MX,Windows 10,1.7kg,1943.0,8,1.7,От 1000 евро
419,HP,15-BS028nv (i3-6006U/4GB/1TB/Radeon,Notebook,15.6,Full HD 1920x1080,Intel Core i3 6006U 2GHz,4GB,1TB HDD,AMD Radeon 520,Windows 10,2.1kg,469.0,4,2.1,До 1000 евро
420,Acer,Aspire R7,2 in 1 Convertible,13.3,IPS Panel Full HD / Touchscreen 1920x1080,Intel Core i7 6500U 2.5GHz,8GB,256GB SSD,Intel HD Graphics 520,Windows 10,1.6kg,789.01,8,1.6,До 1000 евро
421,Asus,ZenBook Flip,2 in 1 Convertible,13.3,IPS Panel Full HD / Touchscreen 1920x1080,Intel Core i5 7200U 2.5GHz,8GB,256GB SSD,Intel HD Graphics 620,Windows 10,1.27kg,928.0,8,1.27,До 1000 евро
422,Dell,Inspiron 3567,Notebook,15.6,Full HD 1920x1080,Intel Core i5 7200U 2.5GHz,4GB,256GB SSD,AMD Radeon R5 M430,Linux,2.3kg,598.9,4,2.3,До 1000 евро
423,Dell,Latitude 3380,Notebook,13.3,1366x768,Intel Core i3 6006U 2GHz,4GB,128GB SSD,Intel HD Graphics 520,Windows 10,1.65kg,689.0,4,1.65,До 1000 евро
424,HP,EliteBook 1040,Ultrabook,14.0,Full HD 1920x1080,Intel Core i7 6500U 2.5GHz,8GB,256GB SSD,Intel HD Graphics 520,Windows 10,1.43kg,1500.0,8,1.43,От 1000 евро
425,Dell,Inspiron 3567,Notebook,15.6,1366x768,Intel Core i5 7200U 2.5GHz,8GB,1TB HDD,Intel HD Graphics 620,Windows 10,2.14kg,539.95,8,2.14,До 1000 евро
426,Lenovo,ThinkPad E480,Ultrabook,14.0,IPS Panel Full HD 1920x1080,Intel Core i7 8550U 1.8GHz,8GB,256GB SSD,AMD Radeon RX 550,Windows 10,1.75kg,1215.38,8,1.75,От 1000 евро
427,Lenovo,Yoga 720-15IKB,2 in 1 Convertible,15.6,IPS Panel 4K Ultra HD / Touchscreen 3840x2160,Intel Core i7 7700HQ 2.8GHz,16GB,512GB SSD,Nvidia GeForce GTX 1050,Windows 10,2kg,1899.0,16,2.0,От 1000 евро
428,Chuwi,LapBook 12.3,Notebook,12.3,IPS Panel Retina Display 2736x1824,Intel Celeron Quad Core N3450 1.1GHz,6GB,64GB Flash Storage,Intel HD Graphics 500,Windows 10,1.4kg,449.0,6,1.4,До 1000 евро
429,HP,ProBook 650,Notebook,15.6,Full HD 1920x1080,Intel Core i7 7820HQ 2.9GHz,8GB,256GB SSD,Intel HD Graphics 630,Windows 10,2.31kg,1427.0,8,2.31,От 1000 евро
430,Asus,X542UQ-DM117 (i3-7100U/8GB/1TB/GeForce,Notebook,15.6,Full HD 1920x1080,Intel Core i3 7100U 2.4GHz,8GB,1TB HDD,Nvidia GeForce 940MX,Linux,2.3kg,597.0,8,2.3,До 1000 евро
431,Dell,Alienware 17,Gaming,17.3,IPS Panel 2560x1440,Intel Core i7 7820HK 2.9GHz,16GB,256GB SSD +  1TB HDD,Nvidia GeForce GTX 1070,Windows 10,4.42kg,2799.0,16,4.42,От 1000 евро
432,Dell,Inspiron 7577,Gaming,15.6,IPS Panel Full HD 1920x1080,Intel Core i7 7700HQ 2.8GHz,8GB,128GB SSD +  1TB HDD,Nvidia GeForce GTX 1050 Ti,Windows 10,2.62kg,1159.0,8,2.62,От 1000 евро
433,Dell,Inspiron 5570,Notebook,15.6,Full HD 1920x1080,Intel Core i7 8550U 1.8GHz,8GB,256GB SSD +  2TB HDD,AMD Radeon 530,Windows 10,2.02kg,1142.4,8,2.02,От 1000 евро
434,Dell,Latitude 5480,Ultrabook,14.0,Full HD 1920x1080,Intel Core i7 7600U 2.8GHz,8GB,256GB SSD,Intel HD Graphics 620,Linux,1.6kg,1099.0,8,1.6,От 1000 евро
435,HP,Omen 17-w207nv,Gaming,17.3,Full HD 1920x1080,Intel Core i7 7700HQ 2.8GHz,12GB,256GB SSD +  1TB HDD,Nvidia GeForce GTX 1070,Windows 10,3.35kg,1999.0,12,3.35,От 1000 евро
436,Mediacom,FlexBook Edge,2 in 1 Convertible,11.6,IPS Panel Full HD / Touchscreen 1920x1080,Intel Celeron Dual Core N3350 1.1GHz,4GB,32GB SSD,Intel HD Graphics 500,Windows 10,1.16kg,299.0,4,1.16,До 1000 евро
437,Samsung,Chromebook 3,Netbook,11.6,1366x768,Intel Celeron Dual Core N3060 1.6GHz,4GB,16GB Flash Storage,Intel HD Graphics 400,Chrome OS,1.15kg,269.0,4,1.15,До 1000 евро
438,Lenovo,Thinkpad 13,Notebook,13.3,IPS Panel Full HD 1920x1080,Intel Core i7 7500U 2.7GHz,8GB,256GB SSD,Intel HD Graphics 620,Windows 10,1.4kg,1010.0,8,1.4,От 1000 евро
439,Lenovo,IdeaPad 320s-14IKB,Notebook,14.0,IPS Panel Full HD 1920x1080,Intel Core i3 7130U 2.7GHz,4GB,128GB SSD,Intel HD Graphics 620,Windows 10,1.7kg,599.0,4,1.7,До 1000 евро
440,Lenovo,Thinkpad T570,Workstation,15.6,IPS Panel 4K Ultra HD 3840x2160,Intel Core i7 7600U 2.8GHz,16GB,512GB SSD,Nvidia GeForce 940MX,Windows 10,2.3kg,2445.0,16,2.3,От 1000 евро
441,Lenovo,Thinkpad P51,Notebook,15.6,Full HD 1920x1080,Intel Core i7 7820HQ 2.9GHz,16GB,512GB SSD,Nvidia Quadro M2200M,Windows 10,2.5kg,2449.0,16,2.5,От 1000 евро
442,Asus,Rog Strix,Gaming,17.3,Full HD 1920x1080,AMD Ryzen 1600 3.2GHz,8GB,256GB SSD +  1TB HDD,AMD Radeon RX 580,Windows 10,3.2kg,1695.0,8,3.2,От 1000 евро
443,HP,15-ra044nv (N3060/4GB/500GB/W10),Notebook,15.6,1366x768,Intel Celeron Dual Core N3060 1.6GHz,4GB,500GB HDD,Intel HD Graphics 400,Windows 10,2.1kg,347.0,4,2.1,До 1000 евро
444,Google,Pixelbook (Core,Ultrabook,12.3,Touchscreen 2400x1600,Intel Core i7 7Y75 1.3GHz,16GB,512GB SSD,Intel HD Graphics 615,Chrome OS,1.1kg,2199.0,16,1.1,От 1000 евро
445,Lenovo,ThinkPad T470s,Ultrabook,14.0,2560x1440,Intel Core i7 7500U 2.7GHz,24GB,512GB SSD,Intel HD Graphics 620,Windows 10,1.32kg,2382.0,24,1.32,От 1000 евро
446,Asus,VivoBook Max,Notebook,15.6,Full HD 1920x1080,Intel Core i5 7200U 2.5GHz,4GB,256GB SSD,Intel HD Graphics 620,Linux,2kg,559.0,4,2.0,До 1000 евро
447,Lenovo,IdeaPad 320-15AST,Notebook,17.3,1600x900,AMD A6-Series 9220 2.5GHz,8GB,1TB HDD,AMD Radeon R4,Windows 10,2.8kg,519.0,8,2.8,До 1000 евро
448,Dell,Inspiron 5570,Notebook,15.6,Full HD 1920x1080,Intel Core i5 8250U 1.6GHz,4GB,256GB SSD,AMD Radeon 530,Windows 10,2.2kg,749.0,4,2.2,До 1000 евро
449,Lenovo,ThinkPad X270,Ultrabook,12.5,IPS Panel Full HD 1920x1080,Intel Core i5 7200U 2.5GHz,8GB,256GB SSD,Intel HD Graphics 620,Windows 10,1.36kg,1429.0,8,1.36,От 1000 евро
450,Lenovo,IdeaPad 320-15IAP,Notebook,15.6,Full HD 1920x1080,Intel Pentium Quad Core N4200 1.1GHz,4GB,128GB SSD,Intel HD Graphics 505,Windows 10,2.2kg,349.0,4,2.2,До 1000 евро
451,HP,Omen 15-AX205na,Gaming,15.6,IPS Panel Full HD 1920x1080,Intel Core i7 7700HQ 2.8GHz,8GB,128GB SSD +  1TB HDD,Nvidia GeForce GTX 1050,Windows 10,2.2kg,1099.0,8,2.2,От 1000 евро
452,Dell,Latitude 5480,Notebook,14.0,Full HD 1920x1080,Intel Core i5 7440HQ 2.8GHz,8GB,256GB SSD,Nvidia GeForce 930MX,Windows 10,1.64kg,1179.0,8,1.64,От 1000 евро
453,Acer,Aspire ES1-572,Notebook,15.6,1366x768,Intel Core i5 7200U 2.5GHz,4GB,500GB HDD,Intel HD Graphics 620,Linux,2.4kg,441.8,4,2.4,До 1000 евро
454,Dell,Precision 3520,Workstation,15.6,Full HD 1920x1080,Intel Xeon E3-1505M V6 3GHz,8GB,64GB Flash Storage +  1TB HDD,Nvidia Quadro M620,Windows 10,2.23kg,1993.0,8,2.23,От 1000 евро
455,MSI,GV62 7RD-1686NL,Gaming,15.6,Full HD 1920x1080,Intel Core i5 7300HQ 2.5GHz,8GB,256GB SSD,Nvidia GeForce GTX 1050,Windows 10,2.2kg,1027.74,8,2.2,От 1000 евро
456,Microsoft,Surface Laptop,Ultrabook,13.5,Touchscreen 2256x1504,Intel Core i7 7660U 2.5GHz,16GB,512GB SSD,Intel Iris Plus Graphics 640,Windows 10 S,1.25kg,2589.0,16,1.25,От 1000 евро
457,HP,15-bs024nv (i5-7200U/8GB/128GB/W10),Notebook,15.6,1366x768,Intel Core i5 7200U 2.5GHz,8GB,128GB SSD,Intel HD Graphics 620,Windows 10,1.91kg,589.0,8,1.91,До 1000 евро
458,Dell,Precision 3520,Workstation,15.6,IPS Panel Full HD 1920x1080,Intel Core i7 6820HQ 2.7GHz,16GB,256GB SSD,Nvidia Quadro M620,Windows 10,2.17kg,1975.0,16,2.17,От 1000 евро
459,HP,ProBook 650,Workstation,15.6,IPS Panel Full HD 1920x1080,Intel Core i7 7820HQ 2.9GHz,8GB,512GB SSD,Intel HD Graphics 620,Windows 10,2.31kg,1534.0,8,2.31,От 1000 евро
460,Lenovo,ThinkPad T470,Notebook,14.0,Full HD 1920x1080,Intel Core i5 7200U 2.5GHz,8GB,256GB SSD,Intel HD Graphics 620,Windows 10,1.65kg,1345.0,8,1.65,От 1000 евро
461,Dell,Inspiron 5570,Notebook,15.6,Full HD 1920x1080,Intel Core i7 8550U 1.8GHz,8GB,128GB SSD +  1TB HDD,AMD Radeon 530,Windows 10,2.36kg,979.0,8,2.36,До 1000 евро
462,Dell,Inspiron 3168,2 in 1 Convertible,11.6,Touchscreen 1366x768,Intel Pentium Quad Core N3710 1.6GHz,4GB,500GB HDD,Intel HD Graphics 405,Windows 10,1.47kg,479.0,4,1.47,До 1000 евро
463,Dell,Alienware 17,Notebook,17.3,IPS Panel Full HD 1920x1080,Intel Core i7 7700HQ 2.7GHz,8GB,1TB HDD,Nvidia GeForce GTX 1060,Windows 10,4.42kg,2046.0,8,4.42,От 1000 евро
464,Microsoft,Surface Laptop,Ultrabook,13.5,Touchscreen 2256x1504,Intel Core M m3-7Y30 2.2GHz,4GB,128GB SSD,Intel HD Graphics 615,Windows 10 S,1.252kg,989.0,4,1.252,До 1000 евро
465,Microsoft,Surface Laptop,Ultrabook,13.5,Touchscreen 2256x1504,Intel Core i7 7660U 2.5GHz,8GB,256GB SSD,Intel Iris Plus Graphics 640,Windows 10 S,1.25kg,1799.0,8,1.25,От 1000 евро
466,HP,17-BS092ND (i3-6006U/8GB/256GB/W10),Notebook,17.3,1600x900,Intel Core i3 6006U 2GHz,8GB,256GB SSD,Intel HD Graphics 520,Windows 10,2.5kg,639.9,8,2.5,До 1000 евро
467,Acer,Aspire E5-576G,Notebook,15.6,Full HD 1920x1080,Intel Core i3 6006U 2GHz,4GB,1TB HDD,Nvidia GeForce 940MX,Windows 10,2.23kg,544.0,4,2.23,До 1000 евро
468,Acer,TravelMate B,Netbook,11.6,1366x768,Intel Celeron Dual Core N3060 1.6GHz,4GB,128GB SSD,Intel HD Graphics 400,Windows 10,1.4kg,435.0,4,1.4,До 1000 евро
469,Asus,Pro P2540UA-AB51,Notebook,15.6,Full HD 1920x1080,Intel Core i5 7200U 2.5GHz,8GB,1TB HDD,Intel HD Graphics 620,Windows 10,2.37kg,749.0,8,2.37,До 1000 евро
470,Lenovo,IdeaPad 510s-14IKB,Notebook,14.0,IPS Panel Full HD 1920x1080,Intel Core i7 7500U 2.7GHz,8GB,512GB SSD,AMD Radeon R7 M460,No OS,1.5kg,799.0,8,1.5,До 1000 евро
471,Lenovo,Thinkpad P51,Notebook,15.6,Full HD 1920x1080,Intel Core i7 7820HQ 2.9GHz,8GB,256GB SSD,Nvidia Quadro M2200M,Windows 10,2.67kg,2090.0,8,2.67,От 1000 евро
472,Asus,X541NA-PD1003Y (N4200/4GB/500GB/W10),Notebook,15.6,1366x768,Intel Pentium Quad Core N4200 1.1GHz,4GB,500GB HDD,Intel HD Graphics 500,Windows 10,2kg,304.0,4,2.0,До 1000 евро
473,Acer,Aspire 5,Notebook,15.6,1366x768,Intel Core i3 6006U 2GHz,4GB,500GB HDD,Nvidia GeForce GTX 940MX,Windows 10,2.2kg,469.0,4,2.2,До 1000 евро
474,Dell,Inspiron 5570,Notebook,15.6,Full HD 1920x1080,Intel Core i5 8250U 1.6GHz,8GB,2TB HDD,AMD Radeon 530,Windows 10,2.02kg,759.0,8,2.02,До 1000 евро
475,HP,Omen 17-an006nv,Gaming,17.3,IPS Panel Full HD 1920x1080,Intel Core i7 7700HQ 2.8GHz,12GB,1TB HDD,Nvidia GeForce GTX 1060,Windows 10,3.78kg,1699.0,12,3.78,От 1000 евро
476,Lenovo,Thinkpad T460s,Ultrabook,14.0,IPS Panel Quad HD+ 2560x1440,Intel Core i7 6600U 2.6GHz,12GB,256GB SSD,Intel HD Graphics 520,Windows 10,1.4kg,1858.0,12,1.4,От 1000 евро
477,HP,Spectre x360,2 in 1 Convertible,13.3,IPS Panel 4K Ultra HD / Touchscreen 3840x2160,Intel Core i7 8550U 1.8GHz,8GB,512GB SSD,Intel UHD Graphics 620,Windows 10,1.29kg,1999.0,8,1.29,От 1000 евро
478,HP,ZBook 15u,Notebook,15.6,Full HD 1920x1080,Intel Core i5 7200U 2.5GHz,8GB,500GB HDD,AMD FirePro W4190M ,Windows 10,1.9kg,1154.0,8,1.9,От 1000 евро
479,Google,Pixelbook (Core,Ultrabook,12.3,Touchscreen 2400x1600,Intel Core i5 7Y57 1.2GHz,8GB,128GB SSD,Intel HD Graphics 615,Chrome OS,1.1kg,1275.0,8,1.1,От 1000 евро
480,Dell,Latitude 7390,Ultrabook,13.3,Full HD / Touchscreen 1920x1080,Intel Core i5 8250U 1.6GHz,8GB,256GB SSD,Intel UHD Graphics 620,Windows 10,1.42kg,1841.85,8,1.42,От 1000 евро
481,Asus,ZenBook Pro,Notebook,15.6,IPS Panel 4K Ultra HD 3840x2160,Intel Core i7 6700HQ 2.6GHz,12GB,128GB SSD +  1TB HDD,Intel HD Graphics 530,Windows 10,2.06kg,1299.0,12,2.06,От 1000 евро
482,Dell,Latitude E5470,Notebook,14.0,1366x768,Intel Core i3 6100U 2.3GHz,8GB,128GB SSD,Intel HD Graphics 520,Windows 10,1.79kg,740.0,8,1.79,До 1000 евро
483,Dell,Precision M5520,Workstation,15.6,Full HD 1920x1080,Intel Core i7 7700HQ 2.8GHz,8GB,256GB SSD,Nvidia Quadro M1200,Windows 10,1.78kg,2408.0,8,1.78,От 1000 евро
484,Lenovo,Thinkpad T470,Notebook,14.0,Full HD 1920x1080,Intel Core i5 7200U 2.5GHz,8GB,180GB SSD,Intel HD Graphics 620,Windows 10,1.7kg,1364.0,8,1.7,От 1000 евро
485,Dell,Inspiron 3576,Notebook,15.6,Full HD 1920x1080,Intel Core i5 8250U 1.6GHz,8GB,1TB HDD,AMD Radeon 520,Windows 10,2.2kg,675.0,8,2.2,До 1000 евро
486,Toshiba,Portege X30-D-10J,Notebook,13.3,IPS Panel Full HD 1920x1080,Intel Core i5 7200U 2.5GHz,8GB,256GB SSD,Intel HD Graphics 620,Windows 10,1.05kg,1672.0,8,1.05,От 1000 евро
487,Dell,Inspiron 7570,Notebook,15.6,IPS Panel Full HD 1920x1080,Intel Core i7 8550U 1.8GHz,8GB,512GB SSD,Nvidia GeForce 940MX,Windows 10,2.16kg,1262.0,8,2.16,От 1000 евро
488,Dell,Vostro 3568,Notebook,15.6,1366x768,Intel Core i3 7100U 2.4GHz,4GB,1TB HDD,Intel HD Graphics 620,Windows 10,2.18kg,586.6,4,2.18,До 1000 евро
489,HP,ProBook 430,Notebook,13.3,IPS Panel Full HD 1920x1080,Intel Core i5 8250U 1.6GHz,4GB,128GB SSD,Intel UHD Graphics 620,Windows 10,1.49kg,726.0,4,1.49,До 1000 евро
490,Chuwi,"Lapbook 15,6",Notebook,15.6,Full HD 1920x1080,Intel Atom x5-Z8350 1.44GHz,4GB,64GB Flash Storage,Intel HD Graphics,Windows 10,1.89kg,248.9,4,1.89,До 1000 евро
491,Lenovo,ThinkPad E570,Notebook,15.6,1366x768,Intel Core i3 6006U 2.0GHz,4GB,128GB SSD,Intel HD Graphics 520,Windows 10,2.3kg,565.0,4,2.3,До 1000 евро
492,Lenovo,ThinkPad E480,Notebook,14.0,IPS Panel Full HD 1920x1080,Intel Core i5 8250U 1.6GHz,8GB,256GB SSD,Intel UHD Graphics 620,Windows 10,1.75kg,1049.0,8,1.75,От 1000 евро
493,Dell,Precision 3520,Workstation,15.6,IPS Panel Full HD 1920x1080,Intel Core i7 6820HQ 2.7GHz,16GB,512GB SSD,Nvidia Quadro M620,Windows 10,2.17kg,2338.0,16,2.17,От 1000 евро
494,Dell,XPS 15,Notebook,15.6,Full HD 1920x1080,Intel Core i7 7700HQ 2.8GHz,16GB,512GB SSD,Nvidia GeForce GTX 1050,Windows 10,2.06kg,1899.0,16,2.06,От 1000 евро
495,Lenovo,Thinkpad X270,Ultrabook,12.5,IPS Panel Full HD 1920x1080,Intel Core i7 7500U 2.7GHz,16GB,512GB SSD,Intel HD Graphics 620,Windows 10,1.36kg,1798.0,16,1.36,От 1000 евро
496,Asus,Zenbook UX390UA,Ultrabook,12.5,Full HD 1920x1080,Intel Core i7 7500U 2.7GHz,16GB,512GB SSD,Intel HD Graphics 620,Windows 10,0.91kg,1950.0,16,0.91,От 1000 евро
497,Lenovo,Thinkpad E570,Notebook,15.6,IPS Panel Full HD 1920x1080,Intel Core i5 7200U 2.5GHz,8GB,256GB SSD,Nvidia GeForce 940MX,Windows 10,2.3kg,1011.99,8,2.3,От 1000 евро
498,Toshiba,Portege X30-D-10L,Ultrabook,13.3,Full HD / Touchscreen 1920x1080,Intel Core i7 7500U 2.7GHz,32GB,512GB SSD,Intel HD Graphics 620,Windows 10,1.05kg,2799.0,32,1.05,От 1000 евро
499,Asus,VivoBook Pro,Gaming,15.6,Full HD 1920x1080,Intel Core i7 7700HQ 2.8GHz,8GB,128GB SSD +  1TB HDD,Nvidia GeForce GTX 1050,Windows 10,1.99kg,1350.0,8,1.99,От 1000 евро
500,Acer,Aspire 5,Notebook,15.6,1366x768,AMD A10-Series 9620P 2.5GHz,8GB,1TB HDD,AMD Radeon RX 540,Windows 10,2.2kg,579.0,8,2.2,До 1000 евро
501,Asus,Rog G752VL-UH71T,Gaming,17.3,IPS Panel Full HD / Touchscreen 1920x1080,Intel Core i7 6700HQ 2.6GHz,24GB,256GB SSD +  1TB HDD,Nvidia GeForce GTX 965M,Windows 10,4.33kg,1269.0,24,4.33,От 1000 евро
502,Lenovo,Thinkpad X260,Ultrabook,12.5,IPS Panel 1366x768,Intel Core i5 6200U 2.3GHz,8GB,180GB SSD,Intel HD Graphics 520,Windows 10,1.3kg,1099.0,8,1.3,От 1000 евро
503,Lenovo,Ideapad 520-15IKBR,Notebook,15.6,Full HD 1920x1080,Intel Core i7 8550U 1.8GHz,8GB,256GB SSD,Intel UHD Graphics 620,Windows 10,2.17kg,898.9,8,2.17,До 1000 евро
504,HP,EliteBook 840,Notebook,14.0,Full HD 1920x1080,Intel Core i7 7600U 2.8GHz,8GB,1TB SSD,Intel HD Graphics 620,Windows 10,1.48kg,1749.0,8,1.48,От 1000 евро
505,Lenovo,ThinkPad 13,Notebook,13.3,IPS Panel Full HD 1920x1080,Intel Core i3 7100U 2.4GHz,8GB,256GB SSD,Intel HD Graphics 620,Windows 10,1.4kg,949.0,8,1.4,До 1000 евро
506,Lenovo,ThinkPad L570,Notebook,15.6,IPS Panel Full HD 1920x1080,Intel Core i5 7200U 2.5GHz,8GB,256GB SSD,Intel HD Graphics 620,Windows 10,2.3kg,911.0,8,2.3,До 1000 евро
507,Asus,VivoBook E201NA,Netbook,11.6,1366x768,Intel Celeron Dual Core N3350 1.1GHz,4GB,64GB Flash Storage,Intel HD Graphics 500,Windows 10 S,1.2kg,340.0,4,1.2,До 1000 евро
508,HP,15-BS026nv (i5-7200U/8GB/256GB/Radeon,Notebook,15.6,1366x768,Intel Core i5 7200U 2.5GHz,8GB,256GB SSD,AMD Radeon 520,Windows 10,1.91kg,618.99,8,1.91,До 1000 евро
509,Lenovo,Yoga 920-13IKB,2 in 1 Convertible,13.9,IPS Panel Full HD / Touchscreen 1920x1080,Intel Core i5 8250U 1.6GHz,8GB,256GB SSD,Intel UHD Graphics 620,Windows 10,1.4kg,1599.0,8,1.4,От 1000 евро
510,Lenovo,IdeaPad 320-14IAP,Notebook,14.0,1366x768,Intel Celeron Dual Core N3350 1.1GHz,4GB,500GB HDD,Intel HD Graphics 500,Windows 10,2.1kg,299.0,4,2.1,До 1000 евро
511,Lenovo,Chromebook N23,Netbook,11.6,1366x768,Intel Celeron Dual Core N3060 1.6GHz,4GB,16GB SSD,Intel HD Graphics 400,Chrome OS,1.25kg,265.0,4,1.25,До 1000 евро
512,Lenovo,ThinkPad 13,Notebook,13.3,Full HD 1920x1080,Intel Core i5 7200U 2.5GHz,8GB,256GB SSD,Intel HD Graphics 620,Windows 10,1.44kg,949.0,8,1.44,До 1000 евро
513,Asus,ZenBook UX510UX-CN211T,Notebook,15.6,Full HD 1920x1080,Intel Core i7 7500U 2.7GHz,8GB,256GB SSD +  1TB HDD,Intel HD Graphics 620,Windows 10,2kg,1224.0,8,2.0,От 1000 евро
514,Acer,Aspire A515-51G-59QF,Notebook,15.6,IPS Panel Full HD 1920x1080,Intel Core i5 8250U 1.6GHz,4GB,1TB HDD,Nvidia GeForce MX150,Windows 10,2.2kg,613.0,4,2.2,До 1000 евро
515,HP,Envy 13-AB002nv,Ultrabook,13.3,IPS Panel Full HD 1920x1080,Intel Core i7 7500U 2.7GHz,8GB,512GB SSD,Intel HD Graphics 620,Windows 10,1.34kg,1323.0,8,1.34,От 1000 евро
516,Lenovo,Legion Y520-15IKBN,Gaming,15.6,IPS Panel Full HD 1920x1080,Intel Core i7 7700HQ 2.8GHz,8GB,256GB SSD +  1TB HDD,Nvidia GeForce GTX 1060,No OS,2.4kg,1149.0,8,2.4,От 1000 евро
517,Dell,XPS 13,Ultrabook,13.3,IPS Panel Full HD / Touchscreen 1920x1080,Intel Core i5 7200U 2.5GHz,8GB,128GB SSD,Intel HD Graphics 620,Windows 10,1.29kg,899.0,8,1.29,До 1000 евро
518,Acer,Aspire A515-51G,Notebook,15.6,Full HD 1920x1080,Intel Core i7 7500U 2.7GHz,4GB,500GB HDD,Nvidia GeForce 940MX,Windows 10,2.2kg,639.0,4,2.2,До 1000 евро
519,Dell,Vostro 5568,Notebook,15.6,Full HD 1920x1080,Intel Core i5 7200U 2.5GHz,8GB,1TB HDD,Intel HD Graphics 620,Windows 10,2.18kg,836.0,8,2.18,До 1000 евро
520,Dell,Inspiron 5570,Notebook,15.6,Full HD 1920x1080,Intel Core i7 8550U 1.8GHz,16GB,256GB SSD +  2TB HDD,AMD Radeon 530,Windows 10,2.2kg,1219.24,16,2.2,От 1000 евро
521,Xiaomi,Mi Notebook,Notebook,15.6,IPS Panel Full HD 1920x1080,Intel Core i7 8550U 1.8GHz,16GB,256GB SSD,Nvidia GeForce MX150,No OS,1.95kg,1399.95,16,1.95,От 1000 евро
522,Asus,VivoBook E12,Netbook,11.6,1366x768,Intel Celeron Dual Core N3350 1.1GHz,2GB,32GB Flash Storage,Intel HD Graphics 500,Windows 10,1.1kg,245.0,2,1.1,До 1000 евро
523,HP,15-bs190od (i5-8250U/4GB/1TB/W10),Notebook,15.6,Touchscreen 1366x768,Intel Core i5 8250U 1.6GHz,4GB,1TB HDD,Intel UHD Graphics 620,Windows 10,2.04kg,521.47,4,2.04,До 1000 евро
524,Asus,ROG Zephyrus,Gaming,15.6,Full HD 1920x1080,Intel Core i7 7700HQ 2.8GHz,24GB,512GB SSD,Nvidia GeForce GTX1080,Windows 10,2.24kg,2968.0,24,2.24,От 1000 евро
525,HP,Probook 450,Notebook,15.6,Full HD 1920x1080,Intel Core i5 7200U 2.5GHz,8GB,256GB SSD,Nvidia GeForce 930MX,Windows 10,2.04kg,889.0,8,2.04,До 1000 евро
526,Asus,FX753VE-GC155T (i7-7700HQ/16GB/1TB,Gaming,17.3,Full HD 1920x1080,Intel Core i7 7700HQ 2.8GHz,16GB,256GB SSD +  1TB HDD,Nvidia GeForce GTX1050 Ti,Windows 10,3kg,1504.0,16,3.0,От 1000 евро
527,Lenovo,Legion Y720-15IKB,Gaming,15.6,IPS Panel Full HD 1920x1080,Intel Core i7 7700HQ 2.8GHz,8GB,256GB SSD +  1TB HDD,Nvidia GeForce GTX 1060,Windows 10,3.2kg,1399.0,8,3.2,От 1000 евро
528,HP,Spectre X360,Ultrabook,13.3,IPS Panel Full HD 1920x1080,Intel Core i7 7500U 2.7GHz,8GB,256GB SSD,Intel HD Graphics 620,Windows 10,1.32kg,1399.0,8,1.32,От 1000 евро
529,Dell,Latitude 5480,Notebook,14.0,Full HD 1920x1080,Intel Core i5 7300U 2.6GHz,8GB,256GB SSD,Intel HD Graphics 620,Windows 10,1.64kg,1279.73,8,1.64,От 1000 евро
530,HP,ProBook 440,Notebook,15.6,1366x768,Intel Core i3 6006U 2GHz,4GB,128GB SSD,Intel HD Graphics 520,Windows 10,1.63kg,689.0,4,1.63,До 1000 евро
531,Dell,Inspiron 5770,Notebook,17.3,IPS Panel Full HD 1920x1080,Intel Core i5 8250U 1.6GHz,8GB,128GB SSD +  1TB HDD,AMD Radeon 530,Linux,2.8kg,889.0,8,2.8,До 1000 евро
532,Lenovo,ThinkPad L470,Notebook,14.0,Full HD 1920x1080,Intel Core i5 6200U 2.3GHz,8GB,256GB SSD,Intel HD Graphics 520,Windows 7,2.02kg,1340.0,8,2.02,От 1000 евро
533,Lenovo,IdeaPad 320-15IKB,Notebook,15.6,Full HD 1920x1080,Intel Core i7 7500U 2.7GHz,4GB,1TB HDD,Nvidia GeForce 920MX,Windows 10,2.2kg,799.0,4,2.2,До 1000 евро
534,Lenovo,IdeaPad 320-15ISK,Notebook,15.6,1366x768,Intel Core i3 6006U 2GHz,8GB,2TB HDD,Nvidia GeForce 920MX ,No OS,2.2kg,459.0,8,2.2,До 1000 евро
535,Dell,Inspiron 3567,Notebook,15.6,Full HD 1920x1080,Intel Core i5 7200U 2.5GHz,4GB,500GB HDD,AMD Radeon R5 M430,Windows 10,2.3kg,585.0,4,2.3,До 1000 евро
536,Dell,Latitude 5580,Notebook,15.6,Full HD 1920x1080,Intel Core i5 7440HQ 2.8GHz,8GB,256GB SSD,Intel HD Graphics 620,Windows 10,1.9kg,1377.0,8,1.9,От 1000 евро
537,Dell,Alienware 17,Gaming,17.3,IPS Panel Full HD 1920x1080,Intel Core i7 7700HQ 2.8GHz,16GB,128GB SSD +  1TB HDD,Nvidia GeForce GTX 1070,Windows 10,4.42kg,3012.77,16,4.42,От 1000 евро
538,Toshiba,Satellite Pro,Notebook,15.6,IPS Panel Full HD 1920x1080,Intel Core i5 7200U 2.5GHz,8GB,500GB HDD,Intel HD Graphics 620,Windows 10,2.0kg,860.0,8,2.0,До 1000 евро
539,Asus,Zenbook UX510UW-FI095T,Notebook,15.6,IPS Panel 4K Ultra HD 3840x2160,Intel Core i7 7500U 2.7GHz,8GB,256GB SSD +  1TB HDD,Nvidia GeForce GTX 960M,Windows 10,2kg,1299.0,8,2.0,От 1000 евро
540,Mediacom,SmartBook Edge,Notebook,13.3,IPS Panel Full HD 1920x1080,Intel Celeron Quad Core N3450 1.1GHz,4GB,32GB SSD,Intel HD Graphics 500,Windows 10,1.2kg,369.0,4,1.2,До 1000 евро
541,Asus,ROG Strix,Gaming,15.6,IPS Panel Full HD 1920x1080,Intel Core i5 7300HQ 2.5GHz,8GB,128GB SSD +  1TB HDD,Nvidia GeForce GTX 1060,Windows 10,2.3kg,1649.0,8,2.3,От 1000 евро
542,Dell,Latitude 5580,Notebook,15.6,Full HD 1920x1080,Intel Core i7 7600U 2.8GHz,8GB,256GB SSD,Nvidia GeForce 930MX,Windows 10,1.93kg,1369.0,8,1.93,От 1000 евро
543,Dell,Inspiron 5570,Notebook,15.6,Full HD 1920x1080,Intel Core i5 8250U 1.6GHz,8GB,256GB SSD,AMD Radeon 530,Windows 10,2.2kg,797.41,8,2.2,До 1000 евро
544,HP,250 G6,Notebook,15.6,Full HD 1920x1080,Intel Pentium Quad Core N3710 1.6GHz,4GB,256GB SSD,Intel HD Graphics 405,Windows 10,1.86kg,398.99,4,1.86,До 1000 евро
545,HP,Omen 15-ce006nv,Gaming,17.3,Full HD 1920x1080,Intel Core i7 7700HQ 2.8GHz,12GB,1TB HDD,Nvidia GeForce GTX 1060,Windows 10,2.62kg,1799.0,12,2.62,От 1000 евро
546,Lenovo,Thinkpad E470,Notebook,14.0,IPS Panel Full HD 1920x1080,Intel Core i7 7500U 2.7GHz,8GB,256GB SSD,Nvidia GeForce 940MX,Windows 10,1.87kg,859.0,8,1.87,До 1000 евро
547,Dell,XPS 13,Ultrabook,13.3,Quad HD+ / Touchscreen 3200x1800,Intel Core i7 8550U 1.8GHz,8GB,256GB SSD,Intel UHD Graphics 620,Windows 10,1.2kg,1399.0,8,1.2,От 1000 евро
548,Dell,Vostro 5468,Notebook,14.0,Full HD 1920x1080,Intel Core i3 6006U 2GHz,4GB,128GB SSD,Intel HD Graphics 520,Windows 10,1.6kg,735.87,4,1.6,До 1000 евро
549,HP,Envy 13-AB020nr,Ultrabook,13.3,IPS Panel Quad HD+ 3200x1800,Intel Core i7 7500U 2.7GHz,8GB,256GB SSD,Intel HD Graphics 620,Windows 10,1.34kg,1145.0,8,1.34,От 1000 евро
550,Acer,Aspire 7,Gaming,15.6,Full HD 1920x1080,Intel Core i5 7300HQ 2.5GHz,8GB,1TB HDD,Nvidia GeForce GTX 1050,Linux,2.4kg,798.0,8,2.4,До 1000 евро
551,Asus,VivoBook X540YA-XX519T,Notebook,15.6,1366x768,AMD E-Series 7110 1.8GHz,4GB,500GB HDD,AMD Radeon R2 Graphics,Windows 10,2kg,349.0,4,2.0,До 1000 евро
552,HP,ProBook 450,Notebook,15.6,Full HD 1920x1080,Intel Core i3 7100U 2.4GHz,4GB,128GB SSD,Intel HD Graphics 620,Windows 10,2.1kg,705.5,4,2.1,До 1000 евро
553,Lenovo,ThinkPad E470,Notebook,14.0,Full HD 1920x1080,Intel Core i5 7200U 2.5GHz,4GB,500GB HDD,Intel HD Graphics 620,Windows 10,1.87kg,785.0,4,1.87,До 1000 евро
554,Lenovo,V310-15ISK (i5-6200U/4GB/1TB/FHD/No,Notebook,15.6,Full HD 1920x1080,Intel Core i5 6200U 2.3GHz,4GB,1TB HDD,Intel HD Graphics 520,No OS,2.15kg,462.35,4,2.15,До 1000 евро
555,HP,250 G6,Notebook,15.6,Full HD 1920x1080,Intel Core i3 6006U 2GHz,4GB,500GB HDD,Intel HD Graphics 520,Windows 10,1.86kg,397.0,4,1.86,До 1000 евро
556,Lenovo,ThinkPad T570,Notebook,15.6,IPS Panel Full HD 1920x1080,Intel Core i7 7500U 2.7GHz,8GB,512GB SSD,Intel HD Graphics 620,Windows 10,1.99kg,1729.0,8,1.99,От 1000 евро
557,Lenovo,IdeaPad 320-15ISK,Notebook,15.6,Full HD 1920x1080,Intel Core i3 6006U 2GHz,4GB,128GB SSD,Intel HD Graphics 520,Windows 10,2.2kg,499.0,4,2.2,До 1000 евро
558,Dell,Latitude 5580,Notebook,15.6,Full HD 1920x1080,Intel Core i5 7200U 2.5GHz,8GB,256GB SSD,Intel HD Graphics 620,Windows 10,1.9kg,1116.99,8,1.9,От 1000 евро
559,Dell,Alienware 17,Gaming,17.3,IPS Panel Full HD 1920x1080,Intel Core i7 7700HQ 2.8GHz,16GB,256GB SSD +  1TB HDD,Nvidia GeForce GTX 1070,Windows 10,4.42kg,2699.0,16,4.42,От 1000 евро
560,HP,17-X047na (i3-6006U/8GB/1TB/W10),Notebook,17.3,1600x900,Intel Core i3 6006U 2GHz,8GB,1TB HDD,Intel HD Graphics 520,Windows 10,2.65kg,544.15,8,2.65,До 1000 евро
561,HP,ProBook 470,Notebook,17.3,Full HD 1920x1080,Intel Core i7 7500U 2.7GHz,8GB,1TB HDD,Nvidia GeForce 930MX,Windows 10,2.63kg,1280.0,8,2.63,От 1000 евро
562,Asus,A541NA-GO342 (N3350/4GB/500GB/Linux),Notebook,15.6,1366x768,Intel Celeron Dual Core N3350 1.1GHz,4GB,500GB HDD,Intel HD Graphics 500,Linux,2kg,224.0,4,2.0,До 1000 евро
563,Mediacom,SmartBook 130,Notebook,13.3,IPS Panel Full HD 1920x1080,Intel Atom x5-Z8350 1.44GHz,4GB,32GB Flash Storage,Intel HD Graphics,Windows 10,1.35kg,255.0,4,1.35,До 1000 евро
564,Lenovo,IdeaPad 320-17IKB,Notebook,17.3,1600x900,Intel Core i7 7500U 2.7GHz,6GB,128GB SSD +  1TB HDD,Nvidia GeForce 940MX,Windows 10,2.8kg,949.0,6,2.8,До 1000 евро
565,HP,15-bw007nv (A10-9620P/6GB/128GB/Radeon,Notebook,15.6,IPS Panel Full HD 1920x1080,AMD A10-Series A10-9620P 2.5GHz,6GB,128GB SSD,AMD Radeon 530,Windows 10,1.91kg,568.9,6,1.91,До 1000 евро
566,Dell,Vostro 3568,Notebook,15.6,1366x768,Intel Core i3 6006U 2GHz,4GB,1TB HDD,AMD Radeon R5 M420,Windows 10,2.18kg,617.9,4,2.18,До 1000 евро
567,Acer,Spin SP111-31,2 in 1 Convertible,11.6,IPS Panel Full HD / Touchscreen 1920x1080,Intel Celeron Dual Core N3350 2.0GHz,4GB,32GB Flash Storage,Intel HD Graphics 500,Windows 10,1.25kg,349.0,4,1.25,До 1000 евро
568,Lenovo,V330-15IKB (i3-7130U/4GB/128GB/FHD/W10),Notebook,15.6,Full HD 1920x1080,Intel Core i3 7130U 2.7GHz,4GB,128GB SSD,Intel HD Graphics 620,Windows 10,2.05kg,630.0,4,2.05,До 1000 евро
569,HP,EliteBook 1030,Ultrabook,13.3,IPS Panel Quad HD+ / Touchscreen 3200x1800,Intel Core M 6Y75 1.2GHz,16GB,512GB SSD,Intel HD Graphics 515,Windows 10,1.16kg,1965.0,16,1.16,От 1000 евро
570,Lenovo,Thinkpad P71,Notebook,17.3,IPS Panel Full HD 1920x1080,Intel Core i7 7700HQ 2.8GHz,8GB,256GB SSD,Nvidia Quadro M620M,Windows 10,3.4kg,2999.0,8,3.4,От 1000 евро
571,Asus,FX553VD-DM627T (i5-7300HQ/8GB/1TB,Notebook,15.6,Full HD 1920x1080,Intel Core i5 7300HQ 2.5GHz,8GB,128GB SSD +  1TB HDD,Nvidia GeForce GTX 1050,Windows 10,2.5kg,839.0,8,2.5,До 1000 евро
572,Dell,XPS 13,Ultrabook,13.3,IPS Panel 4K Ultra HD / Touchscreen 3840x2160,Intel Core i5 8250U 1.6GHz,8GB,128GB SSD,Intel UHD Graphics 620,Windows 10,1.21kg,1599.0,8,1.21,От 1000 евро
573,Dell,Latitude 5580,Notebook,15.6,1366x768,Intel Core i5 7300U 2.6GHz,4GB,500GB HDD,Intel HD Graphics 620,Windows 10,1.93kg,959.0,4,1.93,До 1000 евро
574,Fujitsu,Lifebook A557,Notebook,15.6,1366x768,Intel Core i5 7200U 2.5GHz,8GB,1TB HDD,Intel HD Graphics 620,Windows 10,2.2kg,739.0,8,2.2,До 1000 евро
575,Lenovo,IdeaPad 320-15IAP,Notebook,15.6,Full HD 1920x1080,Intel Pentium Quad Core N4200 1.1GHz,4GB,500GB HDD,Intel HD Graphics 505,Windows 10,2.2kg,344.0,4,2.2,До 1000 евро
576,Lenovo,ThinkPad L470,Notebook,14.0,1366x768,Intel Core i5 7200U 2.5GHz,4GB,500GB HDD,Intel HD Graphics 620,Windows 10,2.02kg,990.0,4,2.02,До 1000 евро
577,HP,ZBook 17,Workstation,17.3,1600x900,Intel Core i5 7440HQ 2.8GHz,8GB,500GB HDD,Nvidia Quadro M1200,Windows 10,3.14kg,1860.99,8,3.14,От 1000 евро
578,HP,14-am079na (N3710/8GB/2TB/W10),Notebook,14.0,1366x768,Intel Pentium Quad Core N3710 1.6GHz,8GB,2TB HDD,Intel HD Graphics 405,Windows 10,1.94kg,389.0,8,1.94,До 1000 евро
579,HP,15-cd005nv (A9-9420/6GB/256GB/Radeon,Notebook,15.6,IPS Panel Full HD 1920x1080,AMD A9-Series A9-9420 3GHz,6GB,256GB SSD,AMD Radeon 530,Windows 10,1.95kg,649.0,6,1.95,До 1000 евро
580,Lenovo,Thinkpad E570,Notebook,15.6,Full HD 1920x1080,Intel Core i5 7200U 2.5GHz,8GB,256GB SSD,Intel HD Graphics 620,Windows 10,2.3kg,830.0,8,2.3,До 1000 евро
581,Lenovo,V330-15IKB (i5-8250U/4GB/500GB/FHD/W10),Notebook,15.6,Full HD 1920x1080,Intel Core i5 8250U 1.6GHz,4GB,500GB HDD,Intel HD Graphics 620,Windows 10,2.05kg,685.0,4,2.05,До 1000 евро
582,Mediacom,SmartBook 141,Notebook,14.0,Full HD 1920x1080,Intel Atom x5-Z8350 1.44GHz,4GB,32GB SSD,Intel HD Graphics,Windows 10,1.4kg,249.0,4,1.4,До 1000 евро
583,Toshiba,Tecra X40-D-10H,Ultrabook,14.0,Full HD / Touchscreen 1920x1080,Intel Core i7 7500U 2.7GHz,16GB,512GB SSD,Intel HD Graphics 620,Windows 10,1.24kg,1865.0,16,1.24,От 1000 евро
584,Lenovo,IdeaPad Y910-17ISK,Gaming,17.3,IPS Panel Full HD 1920x1080,Intel Core i7 6820HK 2.7GHz,32GB,256GB SSD +  1TB HDD,Nvidia GeForce GTX 1070,Windows 10,4.6kg,2663.0,32,4.6,От 1000 евро
585,MSI,GT73VR Titan,Gaming,17.3,Full HD 1920x1080,Intel Core i7 7820HK 2.9GHz,16GB,512GB SSD +  1TB HDD,Nvidia GeForce GTX 1070,Windows 10,4.14kg,2729.0,16,4.14,От 1000 евро
586,Dell,Inspiron 3567,Notebook,15.6,Full HD 1920x1080,Intel Core i7 7500U 2.7GHz,8GB,256GB SSD,AMD Radeon R5 M430,Linux,2.2kg,749.01,8,2.2,До 1000 евро
587,Mediacom,SmartBook Edge,Notebook,14.0,IPS Panel Full HD 1920x1080,Intel Celeron Quad Core N3450 1.1GHz,4GB,32GB SSD,Intel HD Graphics 500,Windows 10,1.45kg,389.0,4,1.45,До 1000 евро
588,Dell,Latitude 5580,Notebook,15.6,1366x768,Intel Core i5 7300U 2.6GHz,8GB,500GB HDD,Intel HD Graphics 620,Windows 10,1.9kg,1008.52,8,1.9,От 1000 евро
589,HP,ProBook 430,Notebook,13.3,Full HD 1920x1080,Intel Core i3 7100U 2.4GHz,4GB,128GB SSD,Intel HD Graphics 620,Windows 10,1.49kg,719.0,4,1.49,До 1000 евро
590,Dell,Latitude 5580,Notebook,15.6,Full HD 1920x1080,Intel Core i7 7600U 2.8GHz,16GB,256GB SSD,Nvidia GeForce 930MX,Windows 10,1.93kg,1537.39,16,1.93,От 1000 евро
591,Dell,Chromebook 11,Netbook,11.6,1366x768,Intel Celeron Dual Core N3060 1.6GHz,4GB,16GB Flash Storage,Intel HD Graphics 400,Chrome OS,1.26kg,295.0,4,1.26,До 1000 евро
592,MSI,GT80S 6QE,Gaming,17.3,Full HD 1920x1080,Intel Core i7 6820HK 2.7GHz,16GB,128GB SSD +  1TB HDD,Nvidia GeForce GTX 980M,Windows 10,4.5kg,2349.0,16,4.5,От 1000 евро
593,HP,Omen 17-AN010nv,Gaming,17.3,IPS Panel Full HD 1920x1080,Intel Core i7 7700HQ 2.8GHz,16GB,256GB SSD +  1TB HDD,Nvidia GeForce GTX 1050,Windows 10,3.78kg,1498.0,16,3.78,От 1000 евро
594,Lenovo,Thinkpad T460s,Ultrabook,14.0,IPS Panel Full HD 1920x1080,Intel Core i7 6600U 2.6GHz,12GB,256GB SSD,Intel HD Graphics 520,Windows 10,1.4kg,1673.0,12,1.4,От 1000 евро
595,Lenovo,Ideapad 320-15IKBR,Notebook,15.6,Touchscreen 1366x768,Intel Core i7 8550U 1.8GHz,12GB,1TB HDD,Intel HD Graphics 620,Windows 10,2.2kg,609.0,12,2.2,До 1000 евро
596,Asus,ROG Strix,Gaming,17.3,IPS Panel Full HD 1920x1080,Intel Core i5 7300HQ 2.5GHz,8GB,128GB SSD +  1TB HDD,Nvidia GeForce GTX 1060,Windows 10,2.73kg,1770.0,8,2.73,От 1000 евро
597,Asus,TP501UA-CJ131T (i5-7200U/8GB/1TB/W10),2 in 1 Convertible,15.6,Touchscreen 1366x768,Intel Core i5 7200U 2.5GHz,8GB,1TB HDD,Intel HD Graphics 520,Windows 10,2.2kg,739.0,8,2.2,До 1000 евро
598,Lenovo,IdeaPad 320-15ABR,Notebook,15.6,Full HD 1920x1080,AMD A12-Series 9720P 3.6GHz,12GB,512GB SSD,AMD Radeon 530,Windows 10,2.2kg,949.0,12,2.2,До 1000 евро
599,Dell,Inspiron 3179,2 in 1 Convertible,11.6,Touchscreen 1366x768,Intel Core M 7Y30 1.0GHz,4GB,128GB SSD,Intel HD Graphics 615,Windows 10,1.39kg,603.0,4,1.39,До 1000 евро
600,Samsung,Notebook Odyssey,Notebook,15.6,Full HD 1920x1080,Intel Core i7 7700HQ 2.8GHz,16GB,128GB SSD +  1TB HDD,Nvidia GeForce GTX 1050,Windows 10,2.5kg,1699.0,16,2.5,От 1000 евро
601,Lenovo,V320-17ISK (i3-6006U/4GB/500GB/FHD/No,Notebook,17.3,Full HD 1920x1080,Intel Core i3 6006U 2GHz,4GB,500GB HDD,Intel HD Graphics 520,No OS,2.8kg,529.0,4,2.8,До 1000 евро
602,Lenovo,IdeaPad 110-15ISK,Notebook,15.6,1366x768,Intel Core i3 6100U 2.3GHz,8GB,1TB HDD,Intel HD Graphics 520,Windows 10,2.29kg,459.0,8,2.29,До 1000 евро
603,Lenovo,ThinkPad Yoga,2 in 1 Convertible,13.3,IPS Panel Full HD / Touchscreen 1920x1080,Intel Core i7 7500U 2.7GHz,8GB,512GB SSD,Intel HD Graphics 620,Windows 10,1.37kg,2025.0,8,1.37,От 1000 евро
604,Lenovo,Thinkpad T470p,Notebook,14.0,IPS Panel Full HD 1920x1080,Intel Core i5 7300HQ 2.5GHz,8GB,256GB SSD,Intel HD Graphics 630,Windows 10,1.7kg,1474.0,8,1.7,От 1000 евро
605,Dell,Latitude 5289,2 in 1 Convertible,12.5,Full HD / Touchscreen 1920x1080,Intel Core i5 7200U 2.5GHz,8GB,256GB SSD,Intel HD Graphics 620,Windows 10,1.34kg,1670.0,8,1.34,От 1000 евро
606,Dell,Precision 3520,Workstation,15.6,Full HD / Touchscreen 1920x1080,Intel Core i7 7700HQ 2.8GHz,8GB,256GB SSD,Nvidia Quadro M620,Windows 10,2.06kg,1763.0,8,2.06,От 1000 евро
607,HP,EliteBook 850,Notebook,15.6,Full HD 1920x1080,Intel Core i7 7500U 2.7GHz,8GB,256GB SSD,Intel HD Graphics 620,Windows 10,1.84kg,1219.0,8,1.84,От 1000 евро
608,HP,ProBook 450,Notebook,15.6,1366x768,Intel Core i3 7100U 2.4GHz,4GB,500GB HDD,Intel HD Graphics 620,Windows 10,2.1kg,668.48,4,2.1,До 1000 евро
609,Acer,Aspire 1,Notebook,14.0,Full HD 1920x1080,Intel Celeron Quad Core N3450 1.1GHz,4GB,32GB Flash Storage,Intel HD Graphics 500,Windows 10,1.6kg,329.0,4,1.6,До 1000 евро
610,MSI,Laptop MSI,Gaming,17.3,Full HD 1920x1080,Intel Core i7 6820HK 2.7GHz,16GB,128GB SSD +  1TB HDD,Nvidia GeForce GTX 970M,Windows 10,4.14kg,2199.0,16,4.14,От 1000 евро
611,Dell,Vostro 3568,Notebook,15.6,1366x768,Intel Core i3 6006U 2GHz,4GB,1TB HDD,AMD Radeon R5 M420,Linux,2.18kg,465.0,4,2.18,До 1000 евро
612,MSI,GS63VR 7RF,Gaming,15.6,4K Ultra HD 3840x2160,Intel Core i7 7700HQ 2.8GHz,16GB,256GB SSD +  2TB HDD,Nvidia GeForce GTX 1060,Windows 10,1.8kg,2299.0,16,1.8,От 1000 евро
613,Toshiba,Tecra Z50-C-144,Notebook,15.6,IPS Panel Full HD 1920x1080,Intel Core i7 6500U 2.5GHz,8GB,256GB SSD,Intel HD Graphics 520,Windows 10,2.2kg,1399.0,8,2.2,От 1000 евро
614,Lenovo,IdeaPad 310-15IKB,Notebook,15.6,Full HD 1920x1080,Intel Core i5 7200U 2.5GHz,6GB,1TB HDD,Intel HD Graphics 620,Windows 10,2.4kg,564.0,6,2.4,До 1000 евро
615,Lenovo,Yoga 720-15IKB,2 in 1 Convertible,15.6,IPS Panel Full HD / Touchscreen 1920x1080,Intel Core i7 7700HQ 2.8GHz,8GB,256GB SSD,Intel HD Graphics 630,Windows 10,2kg,1299.0,8,2.0,От 1000 евро
616,Acer,Swift SF114-31-P5HY,Notebook,14.0,1366x768,Intel Pentium Quad Core N3710 1.6GHz,4GB,128GB Flash Storage,Intel HD Graphics 405,Windows 10,1.6kg,349.0,4,1.6,До 1000 евро
617,Lenovo,Thinkpad P51,Notebook,15.6,IPS Panel 4K Ultra HD 3840x2160,Intel Xeon E3-1535M v6 3.1GHz,32GB,1TB SSD,Nvidia Quadro M2200M,Windows 10,2.5kg,4899.0,32,2.5,От 1000 евро
618,Dell,Inspiron 7559,Gaming,15.6,Full HD 1920x1080,Intel Core i7 6700HQ 2.6GHz,16GB,1TB HDD,Nvidia GeForce GTX 960<U+039C>,Windows 10,2.59kg,879.01,16,2.59,До 1000 евро
619,Dell,Vostro 3568,Notebook,15.6,1366x768,Intel Core i3 6006U 2.0GHz,4GB,1TB HDD,Intel HD Graphics 520,Linux,2.18kg,443.9,4,2.18,До 1000 евро
620,Dell,Inspiron 3567,Notebook,15.6,1366x768,Intel Core i3 6006U 2.0GHz,4GB,1TB HDD,Intel HD Graphics 520,Linux,2.25kg,359.0,4,2.25,До 1000 евро
621,Dell,Latitude 5580,Notebook,15.6,1366x768,Intel Core i5 7300U 2.6GHz,4GB,500GB HDD,Intel HD Graphics 620,Linux,1.93kg,869.0,4,1.93,До 1000 евро
622,Asus,FX753VD-GC007T (i7-7700HQ/8GB/1TB,Gaming,17.3,Full HD 1920x1080,Intel Core i7 7700HQ 2.8GHz,8GB,128GB SSD +  1TB HDD,Nvidia GeForce GTX 1050,Windows 10,3kg,1168.0,8,3.0,От 1000 евро
623,Dell,Vostro 3568,Notebook,15.6,Full HD 1920x1080,Intel Core i5 7200U 2.5GHz,4GB,128GB SSD,AMD Radeon R5 M420,Linux,2.18kg,569.0,4,2.18,До 1000 евро
624,HP,EliteBook 850,Ultrabook,15.6,Full HD 1920x1080,Intel Core i7 7500U 2.7GHz,8GB,512GB SSD,Intel HD Graphics 620,Windows 10,1.84kg,1389.0,8,1.84,От 1000 евро
625,MSI,GT62VR 7RE,Gaming,15.6,Full HD 1920x1080,Intel Core i7 7700HQ 2.8GHz,16GB,256GB SSD +  1TB HDD,Nvidia GeForce GTX 1070,Windows 10,2.94kg,2267.86,16,2.94,От 1000 евро
626,Acer,CB5-132T-C9KK (N3160/4GB/32GB/Chrome,2 in 1 Convertible,11.6,IPS Panel Touchscreen 1366x768,Intel Celeron Quad Core N3160 1.6GHz,4GB,32GB Flash Storage,Intel HD Graphics 400,Chrome OS,1.25kg,379.0,4,1.25,До 1000 евро
627,HP,ProBook 650,Notebook,14.0,1366x768,Intel Core i5 7300U 2.6GHz,8GB,256GB SSD,Intel HD Graphics 620,Windows 10,2.31kg,1124.0,8,2.31,От 1000 евро
628,Lenovo,ThinkPad T470,Notebook,14.0,Full HD 1920x1080,Intel Core i5 6200U 2.3GHz,8GB,256GB SSD,Intel HD Graphics 520,Windows 7,1.65kg,1465.0,8,1.65,От 1000 евро
629,Dell,Inspiron 5570,Notebook,15.6,Full HD 1920x1080,Intel Core i5 8250U 1.6GHz,4GB,1TB HDD,AMD Radeon 530,Windows 10,2.2kg,776.0,4,2.2,До 1000 евро
630,Fujitsu,LifeBook A557,Notebook,15.6,1366x768,Intel Core i5 7200U 2.5GHz,8GB,256GB SSD,Intel HD Graphics 620,Windows 10,2.2kg,799.0,8,2.2,До 1000 евро
631,HP,EliteBook 850,Notebook,15.6,1366x768,Intel Core i5 6200U 2.3GHz,4GB,500GB HDD,Intel HD Graphics 520,Windows 7,1.88kg,932.0,4,1.88,До 1000 евро
632,Lenovo,IdeaPad 320-15IKB,Notebook,15.6,Full HD 1920x1080,Intel Core i7 7500U 2.7GHz,8GB,1TB HDD,Nvidia GeForce 920MX,Windows 10,2.2kg,899.0,8,2.2,До 1000 евро
633,Mediacom,SmartBook 140,Notebook,14.0,Full HD 1920x1080,Intel Atom x5-Z8350 1.44GHz,2GB,32GB Flash Storage,Intel HD Graphics,Windows 10,1.4kg,239.0,2,1.4,До 1000 евро
634,Lenovo,IdeaPad 320-15IKBN,Notebook,15.6,Full HD 1920x1080,Intel Core i5 7200U 2.5GHz,4GB,128GB SSD,Intel HD Graphics 620,No OS,2.2kg,468.0,4,2.2,До 1000 евро
635,Asus,Q304UA-BHI5T11 (i5-7200U/6GB/1TB/FHD/W10),2 in 1 Convertible,13.3,Full HD / Touchscreen 1920x1080,Intel Core i5 7200U 2.5GHz,6GB,1TB HDD,Intel HD Graphics 620,Windows 10,1.5kg,639.01,6,1.5,До 1000 евро
636,Dell,XPS 15,Notebook,15.6,Full HD 1920x1080,Intel Core i7 7700HQ 2.8GHz,8GB,256GB SSD,Nvidia GeForce GTX 1050,Windows 10,2kg,1820.0,8,2.0,От 1000 евро
637,Asus,ZenBook 3,Ultrabook,14.0,Full HD 1920x1080,Intel Core i7 7500U 2.7GHz,16GB,512GB SSD,Intel HD Graphics 620,Windows 10,1.1kg,1900.0,16,1.1,От 1000 евро
639,Dell,Inspiron 7567,Gaming,15.6,Full HD 1920x1080,Intel Core i7 7700HQ 2.8GHz,16GB,256GB SSD +  1TB HDD,Nvidia GeForce GTX 1050 Ti,Windows 10,2.62kg,1479.0,16,2.62,От 1000 евро
640,Lenovo,V330-15IKB (i5-8250U/4GB/256GB/FHD/W10),Notebook,15.6,Full HD 1920x1080,Intel Core i5 8250U 1.6GHz,4GB,256GB SSD,Intel UHD Graphics 620,Windows 10,1.8kg,829.0,4,1.8,До 1000 евро
641,Lenovo,Ideapad 320-15ISK,Notebook,15.6,Full HD 1920x1080,Intel Core i3 6006U 2GHz,4GB,1TB HDD,Nvidia GeForce 920MX ,Windows 10,2.2kg,579.0,4,2.2,До 1000 евро
642,Asus,X541NA-GO414T (N3350/8GB/1TB/W10),Notebook,15.6,1366x768,Intel Celeron Dual Core N3350 1.1GHz,8GB,1TB HDD,Intel HD Graphics 500,Windows 10,2kg,399.0,8,2.0,До 1000 евро
643,Asus,VivoBook Pro,Notebook,15.6,Full HD 1920x1080,Intel Core i5 7300HQ 2.5GHz,8GB,1TB HDD,Nvidia GeForce GTX 1050,Windows 10,1.99kg,906.62,8,1.99,До 1000 евро
644,Dell,XPS 13,Ultrabook,13.3,Quad HD+ / Touchscreen 3200x1800,Intel Core i5 8250U 1.6GHz,8GB,256GB SSD,Intel UHD Graphics 620,Windows 10,1.23kg,1869.0,8,1.23,От 1000 евро
645,Lenovo,IdeaPad 100S-14IBR,Notebook,14.0,1366x768,Intel Celeron Dual Core N3060 1.6GHz,2GB,32GB Flash Storage,Intel HD Graphics 400,Windows 10,1.42kg,249.0,2,1.42,До 1000 евро
646,Lenovo,Thinkpad Yoga,2 in 1 Convertible,13.3,IPS Panel Full HD / Touchscreen 1920x1080,Intel Core i7 7500U 2.7GHz,8GB,256GB SSD,Intel HD Graphics 620,Windows 10,1.37kg,1757.42,8,1.37,От 1000 евро
647,Dell,XPS 15,Notebook,15.6,4K Ultra HD / Touchscreen 3840x2160,Intel Core i7 7700HQ 2.8GHz,16GB,1TB SSD,Nvidia GeForce GTX 1050,Windows 10,2.06kg,2399.0,16,2.06,От 1000 евро
648,Lenovo,Legion Y520-15IKBN,Gaming,15.6,IPS Panel Full HD 1920x1080,Intel Core i7 7700HQ 2.8GHz,8GB,128GB SSD +  1TB HDD,Nvidia GeForce GTX 1050M,Windows 10,2.5kg,1109.0,8,2.5,От 1000 евро
649,HP,17-AK091ND (A9-9420/8GB/1TB/W10),Notebook,17.0,1600x900,AMD A9-Series 9420 3GHz,8GB,1TB HDD,AMD Radeon R5,Windows 10,2.6kg,520.9,8,2.6,До 1000 евро
650,Lenovo,ThinkPad X1,Ultrabook,14.0,IPS Panel Full HD 1920x1080,Intel Core i7 7500U 2.7GHz,16GB,512GB SSD,Intel HD Graphics 620,Windows 10,1.14kg,2450.0,16,1.14,От 1000 евро
651,Asus,ROG GL553VE-FY022,Gaming,15.6,IPS Panel Full HD 1920x1080,Intel Core i7 7700HQ 2.8GHz,8GB,1TB HDD,Nvidia GeForce GTX 1050 Ti,No OS,2.5kg,1169.0,8,2.5,От 1000 евро
652,Acer,Extensa EX2540,Notebook,15.6,1366x768,Intel Core i3 6006U 2GHz,4GB,500GB HDD,Intel HD Graphics 520,Windows 10,2.4kg,450.0,4,2.4,До 1000 евро
653,Lenovo,IdeaPad 100S-14IBR,Notebook,14.0,1366x768,Intel Celeron Dual Core N3060 1.6GHz,4GB,32GB Flash Storage,Intel HD Graphics,Windows 10,1.43kg,274.0,4,1.43,До 1000 евро
654,Acer,Swift 3,Ultrabook,14.0,IPS Panel Full HD 1920x1080,Intel Core i5 7200U 2.5GHz,8GB,256GB SSD,Intel Graphics 620,Windows 10,1.8kg,919.0,8,1.8,До 1000 евро
655,Razer,Blade Pro,Gaming,14.0,Full HD 1920x1080,Intel Core i7 7700HQ 2.8GHz,16GB,256GB SSD,Nvidia GeForce GTX 1060,Windows 10,1.95kg,2599.0,16,1.95,От 1000 евро
656,Toshiba,Portege Z30-C-16J,Notebook,13.3,Full HD 1920x1080,Intel Core i5 6200U 2.3GHz,8GB,256GB SSD,Intel HD Graphics 520,Windows 10,1.2kg,1213.0,8,1.2,От 1000 евро
657,Lenovo,Thinkpad X270,Ultrabook,12.5,IPS Panel Full HD 1920x1080,Intel Core i7 7500U 2.7GHz,8GB,256GB SSD,Intel HD Graphics 620,Windows 10,1.36kg,1584.0,8,1.36,От 1000 евро
658,Asus,ROG G701VI,Gaming,17.3,IPS Panel Full HD 1920x1080,Intel Core i7 6820HK 2.7GHz,32GB,512GB SSD,Nvidia GeForce GTX 1080,Windows 10,3.8kg,2799.0,32,3.8,От 1000 евро
659,Acer,A715-71G-59DH (i5-7300HQ/8GB/1TB/GeForce,Gaming,15.6,Full HD 1920x1080,Intel Core i5 7300HQ 2.5GHz,8GB,1TB HDD,Nvidia GeForce GTX 1050,Linux,2.4kg,709.0,8,2.4,До 1000 евро
660,Dell,XPS 13,Ultrabook,13.3,Full HD 1920x1080,Intel Core i5 8250U 1.6GHz,8GB,256GB SSD,Intel UHD Graphics 620,Windows 10,1.2kg,1449.9,8,1.2,От 1000 евро
661,MSI,GL62M 7REX,Gaming,15.6,Full HD 1920x1080,Intel Core i7 7700HQ 2.8GHz,8GB,128GB SSD +  1TB HDD,Nvidia GeForce GTX 1050 Ti,Windows 10,2.2kg,1191.8,8,2.2,От 1000 евро
662,HP,250 G6,Notebook,15.6,1366x768,Intel Core i3 6006U 2GHz,4GB,500GB HDD,Intel HD Graphics 520,No OS,1.86kg,364.9,4,1.86,До 1000 евро
663,Toshiba,Tecra A50-D-11M,Notebook,15.6,IPS Panel Full HD 1920x1080,Intel Core i5 7200U 2.5GHz,8GB,500GB HDD,Intel HD Graphics 620,Windows 10,2.0kg,1064.0,8,2.0,От 1000 евро
664,Dell,Inspiron 5570,Notebook,15.6,Full HD 1920x1080,Intel Core i7 8550U 1.8GHz,8GB,256GB SSD,AMD Radeon 530,Windows 10,2.2kg,919.0,8,2.2,До 1000 евро
665,Dell,Inspiron 5570,Notebook,15.6,Full HD 1920x1080,Intel Core i7 8550U 1.8GHz,16GB,256GB SSD +  2TB HDD,AMD Radeon 530,Windows 10,2.2kg,1135.0,16,2.2,От 1000 евро
666,Lenovo,IdeaPad Y700-15ISK,Gaming,15.6,IPS Panel Full HD 1920x1080,Intel Core i7 6700HQ 2.6GHz,8GB,128GB SSD +  1TB HDD,Nvidia GeForce GTX 960,Windows 10,3.31kg,1196.0,8,3.31,От 1000 евро
667,Dell,Alienware 17,Gaming,17.3,IPS Panel 4K Ultra HD 3840x2160,Intel Core i7 7700HQ 2.8GHz,32GB,512GB SSD +  1TB HDD,Nvidia GeForce GTX 1070,Windows 10,4.42kg,3147.37,32,4.42,От 1000 евро
668,Dell,Latitude E7470,Notebook,14.0,Full HD 1920x1080,Intel Core i5 6300U 2.4GHz,8GB,256GB SSD,Intel HD Graphics 520,Windows 10,1.56kg,1229.0,8,1.56,От 1000 евро
669,Lenovo,Ideapad 320-15IAP,Notebook,15.6,1366x768,Intel Celeron Dual Core N3350 1.1GHz,4GB,500GB HDD,Intel HD Graphics 500,Windows 10,2.2kg,419.0,4,2.2,До 1000 евро
670,Lenovo,IdeaPad 320-15ISK,Notebook,15.6,Full HD 1920x1080,Intel Core i5 6200U 2.3GHz,4GB,500GB HDD,Intel HD Graphics 520,Windows 10,2.2kg,535.0,4,2.2,До 1000 евро
671,HP,15-ay047nv (i3-6006U/6GB/1TB/Radeon,Notebook,15.6,1920x1080,Intel Core i3 6006U 2GHz,6GB,1TB HDD,AMD Radeon R5 M430,Windows 10,2.04kg,539.0,6,2.04,До 1000 евро
672,MSI,GP72VR Leopard,Gaming,17.3,Full HD 1920x1080,Intel Core i7 7700HQ 2.8GHz,8GB,128GB SSD +  1TB HDD,Nvidia GeForce GTX 1060,Windows 10,2.7kg,1486.77,8,2.7,От 1000 евро
673,Toshiba,Satellite Pro,Notebook,15.6,1366x768,Intel Core i3 6100U 2.1GHz,4GB,128GB SSD,Intel HD Graphics 520,Windows 10,2.1kg,498.0,4,2.1,До 1000 евро
674,Dell,Latitude 3580,Notebook,15.6,Full HD 1920x1080,Intel Core i5 7200U 2.5GHz,8GB,1TB HDD,Intel HD Graphics 620,Windows 10,2.06kg,955.0,8,2.06,До 1000 евро
675,HP,15-bs012nv (i7-7500U/8GB/1TB/Radeon,Notebook,15.6,Full HD 1920x1080,Intel Core i7 7500U 2.7GHz,8GB,1TB HDD,AMD Radeon 530,Windows 10,2.1kg,745.0,8,2.1,До 1000 евро
676,Toshiba,Tecra Z50-D-10E,Notebook,15.6,IPS Panel Full HD 1920x1080,Intel Core i5 7200U 2.5GHz,8GB,256GB SSD,Intel HD Graphics 620,Windows 10,2.0kg,1258.0,8,2.0,От 1000 евро
677,Acer,Aspire 3,Notebook,15.6,1366x768,Intel Core i3 6006U 2GHz,4GB,128GB SSD,Intel HD Graphics 520,Linux,2.1kg,412.0,4,2.1,До 1000 евро
678,Microsoft,Surface Laptop,Ultrabook,13.5,Touchscreen 2256x1504,Intel Core i7 7600U 2.8GHz,8GB,256GB SSD,Intel Iris Plus Graphics 640,Windows 10 S,1.252kg,1867.85,8,1.252,От 1000 евро
679,Lenovo,V310-15ISK (i5-7200U/8GB/1TB,Notebook,15.6,Full HD 1920x1080,Intel Core i5 7200U 2.5GHz,8GB,128GB SSD +  1TB HDD,AMD Radeon R5 M430,Windows 10,1.90kg,817.95,8,1.9,До 1000 евро
680,Lenovo,Yoga 720-13IKB,2 in 1 Convertible,13.3,IPS Panel Full HD / Touchscreen 1920x1080,Intel Core i5 7200U 2.5GHz,8GB,256GB SSD,Intel HD Graphics 620,Windows 10,1.3kg,1034.0,8,1.3,От 1000 евро
681,Lenovo,IdeaPad 320-15AST,Notebook,15.6,1366x768,AMD E-Series E2-9000 2.2GHz,4GB,128GB SSD,AMD Radeon R2 Graphics,Windows 10,2.2kg,349.0,4,2.2,До 1000 евро
682,HP,Pavilion X360,2 in 1 Convertible,14.0,IPS Panel Full HD / Touchscreen 1920x1080,Intel Core i3 7100U 2.4GHz,4GB,128GB SSD,Nvidia GeForce 940MX,Windows 10,1.63kg,699.0,4,1.63,До 1000 евро
683,MSI,GP62 7RDX,Gaming,15.6,Full HD 1920x1080,Intel Core i7 7700HQ 2.8GHz,16GB,256GB SSD +  1TB HDD,Nvidia GeForce GTX 1050,Windows 10,2.4kg,1294.0,16,2.4,От 1000 евро
684,Asus,Zenbook 3,Ultrabook,14.0,Full HD 1920x1080,Intel Core i5 7200U 2.5GHz,8GB,256GB SSD,Intel HD Graphics 620,Windows 10,1.1kg,1135.0,8,1.1,От 1000 евро
685,HP,Chromebook X360,2 in 1 Convertible,11.6,Touchscreen 1366x768,Intel Celeron Dual Core N3350 1.1GHz,8GB,64GB Flash Storage,Intel HD Graphics 500,Chrome OS,1.4kg,495.0,8,1.4,До 1000 евро
686,LG,Gram 15Z975,Ultrabook,15.6,IPS Panel Full HD 1920x1080,Intel Core i7 8550U 1.8GHz,8GB,512GB SSD,Intel HD Graphics 620,Windows 10,1.09kg,2299.0,8,1.09,От 1000 евро
687,Acer,Aspire VX5-591G,Gaming,15.6,Full HD 1920x1080,Intel Core i5 7300HQ 2.5GHz,16GB,256GB SSD,Nvidia GeForce GTX 1050 Ti,Windows 10,2.5kg,1299.0,16,2.5,От 1000 евро
688,MSI,GV62M 7RD,Gaming,15.6,Full HD 1920x1080,Intel Core i5 7300HQ 2.5GHz,8GB,256GB SSD,Nvidia GeForce GTX 1050,Windows 10,2.2kg,997.9,8,2.2,До 1000 евро
689,Asus,L502NA-GO052T (N3350/4GB/128GB/W10),Notebook,15.6,1366x768,Intel Celeron Dual Core N3350 1.1GHz,4GB,128GB SSD,Intel HD Graphics 500,Windows 10,1.86kg,419.0,4,1.86,До 1000 евро
690,Dell,Alienware 15,Gaming,15.6,Full HD 1920x1080,Intel Core i5 7300HQ 2.5GHz,16GB,128GB SSD +  1TB HDD,Nvidia GeForce GTX 1060,Windows 10,3.21kg,2051.0,16,3.21,От 1000 евро
691,HP,17-bs000nv I3,Notebook,17.3,IPS Panel Full HD 1920x1080,Intel Core i3 6006U 2GHz,4GB,256GB SSD,AMD Radeon R5 520,Windows 10,2.5kg,699.0,4,2.5,До 1000 евро
692,Lenovo,Yoga 730,2 in 1 Convertible,13.3,IPS Panel Full HD / Touchscreen 1920x1080,Intel Core i7 8550U 1.8GHz,8GB,512GB SSD,Intel UHD Graphics 620,Windows 10,1.19kg,1499.0,8,1.19,От 1000 евро
693,Dell,Alienware 15,Gaming,15.6,Full HD 1920x1080,Intel Core i7 7820HK 2.9GHz,16GB,256GB SSD +  1TB HDD,Nvidia GeForce GTX 1070,Windows 10,3.49kg,2813.75,16,3.49,От 1000 евро
694,HP,250 G6,Notebook,15.6,1366x768,Intel Core i5 7200U 2.5GHz,4GB,500GB HDD,AMD Radeon 520,Windows 10,1.86kg,612.61,4,1.86,До 1000 евро
695,Dell,Inspiron 3567,Notebook,15.6,1366x768,Intel Core i3 6006U 2GHz,4GB,1TB HDD,AMD Radeon R5 M430,Windows 10,2.2kg,545.67,4,2.2,До 1000 евро
696,HP,17-Y002nv (A10-9600P/6GB/2TB/Radeon,Notebook,17.3,IPS Panel Full HD 1920x1080,AMD A10-Series 9600P 2.4GHz,6GB,2TB HDD,AMD Radeon R7 M440,Windows 10,2.65kg,569.0,6,2.65,До 1000 евро
697,Lenovo,V110-15ISK (3855U/4GB/500GB/W10),Notebook,15.6,1366x768,Intel Celeron Dual Core 3855U 1.6GHz,4GB,500GB HDD,Intel HD Graphics 510,Windows 10,2.1kg,318.0,4,2.1,До 1000 евро
698,Acer,Chromebook 14,Notebook,14.0,1366x768,Intel Celeron Dual Core 3855U 1.6GHz,4GB,32GB Flash Storage,Intel HD Graphics 510,Chrome OS,1.45kg,375.0,4,1.45,До 1000 евро
699,Lenovo,IdeaPad 520s-14IKB,Notebook,14.0,Full HD 1920x1080,Intel Core i5 7200U 2.5GHz,4GB,256GB SSD,Intel HD Graphics 620,Windows 10,1.7kg,699.0,4,1.7,До 1000 евро
700,HP,ZBook 17,Workstation,17.3,Full HD 1920x1080,Intel Core i7 7700HQ 2.8GHz,8GB,500GB HDD,Nvidia Quadro M1200,Windows 10,3.14kg,1907.99,8,3.14,От 1000 евро
701,Lenovo,ThinkPad X1,2 in 1 Convertible,14.0,Touchscreen 2560x1440,Intel Core i7 7500U 2.7GHz,8GB,256GB SSD,Intel HD Graphics 620,Windows 10,1.42kg,2590.0,8,1.42,От 1000 евро
702,Toshiba,Satellite Pro,Notebook,13.3,IPS Panel Full HD 1920x1080,Intel Core i5 7200U 2.5GHz,8GB,256GB SSD,Intel HD Graphics 620,Windows 10,1.5kg,973.0,8,1.5,До 1000 евро
703,Acer,TravelMate B117-M,Netbook,11.6,1366x768,Intel Celeron Dual Core N3050 1.6GHz,4GB,32GB Flash Storage,Intel HD Graphics,Windows 10,1.4kg,269.0,4,1.4,До 1000 евро
704,Lenovo,Yoga 910-13IKB,2 in 1 Convertible,14.0,Full HD / Touchscreen 1920x1080,Intel Core i7 7500U 2.7GHz,16GB,512GB SSD,Intel HD Graphics 620,Windows 10,1.38kg,1749.0,16,1.38,От 1000 евро
705,Asus,Chromebook Flip,2 in 1 Convertible,12.5,Full HD / Touchscreen 1920x1080,Intel Core M M3-6Y30 0.9GHz,4GB,64GB Flash Storage,Intel HD Graphics 515,Chrome OS,1.2kg,669.0,4,1.2,До 1000 евро
706,Toshiba,Portege Z30T-C-133,Ultrabook,13.3,Full HD / Touchscreen 1920x1080,Intel Core i7 6500U 2.5GHz,16GB,512GB SSD,Intel HD Graphics 520,Windows 10,1.36kg,1877.0,16,1.36,От 1000 евро
707,HP,15-bs011nv (i7-7500U/4GB/500GB/Radeon,Notebook,15.6,IPS Panel Full HD 1920x1080,Intel Core i7 7500U 2.7GHz,4GB,500GB HDD,AMD Radeon 530,Windows 10,2.1kg,689.0,4,2.1,До 1000 евро
708,Dell,Inspiron 5577,Gaming,15.6,Full HD 1920x1080,Intel Core i5 7300HQ 2.5GHz,8GB,1TB HDD,Nvidia GeForce GTX 1050,Windows 10,2.56kg,819.0,8,2.56,До 1000 евро
709,Lenovo,IdeaPad 320-15AST,Notebook,15.6,Full HD 1920x1080,AMD A9-Series 9420 2.9GHz,4GB,256GB SSD,AMD Radeon 530,Windows 10,2.2kg,399.0,4,2.2,До 1000 евро
710,Lenovo,IdeaPad 320-15ABR,Notebook,15.6,1366x768,AMD A12-Series 9720P 3.6GHz,8GB,1TB HDD,AMD Radeon R7,Windows 10,2.2kg,429.0,8,2.2,До 1000 евро
711,Lenovo,V310-15IKB (i5-7200U/4GB/1TB/FHD/W10),Notebook,15.6,Full HD 1920x1080,Intel Core i5 7200U 2.5GHz,4GB,1TB HDD +  1TB HDD,Intel HD Graphics 620,Windows 10,2.1kg,621.45,4,2.1,До 1000 евро
712,Lenovo,V310-15ISK (i3-6006U/4GB/500GB/No,Notebook,15.6,1366x768,Intel Core i3 6006U 2GHz,4GB,500GB HDD,Intel HD Graphics 520,No OS,1.90kg,450.0,4,1.9,До 1000 евро
713,Dell,Vostro 5568,Notebook,15.6,Full HD 1920x1080,Intel Core i5 7200U 2.5GHz,8GB,256GB SSD,Intel HD Graphics 620,Windows 10,2.18kg,795.0,8,2.18,До 1000 евро
714,Acer,Spin 5,2 in 1 Convertible,13.3,IPS Panel Full HD / Touchscreen 1920x1080,Intel Core i5 8250U 1.6GHz,8GB,256GB SSD,Intel UHD Graphics 620,Windows 10,1.6kg,999.0,8,1.6,До 1000 евро
715,Lenovo,ThinkPad P51s,Workstation,15.6,Full HD 1920x1080,Intel Core i7 6500U 2.5GHz,16GB,512GB SSD,Nvidia Quadro M520M,Windows 7,2.18kg,1855.0,16,2.18,От 1000 евро
716,Lenovo,Thinkpad T460p,Notebook,14.0,Full HD 1920x1080,Intel Core i5 6300HQ 2.3GHz,8GB,256GB SSD,Intel HD Graphics 520,Windows 10,1.8kg,1191.0,8,1.8,От 1000 евро
717,HP,17-ak002nv (A10-9620P/6GB/2TB/Radeon,Notebook,17.3,IPS Panel Full HD 1920x1080,AMD A10-Series 9620P 2.5GHz,6GB,2TB HDD,AMD Radeon 530,Windows 10,2.71kg,655.01,6,2.71,До 1000 евро
718,Lenovo,Legion Y520-15IKBN,Gaming,15.6,IPS Panel Full HD 1920x1080,Intel Core i7 7700HQ 2.8GHz,8GB,128GB SSD +  1TB HDD,Nvidia GeForce GTX 1050 Ti,Windows 10,2.5kg,1249.0,8,2.5,От 1000 евро
719,Dell,Latitude 5480,Notebook,14.0,Full HD 1920x1080,Intel Core i5 7440HQ 2.8GHz,8GB,256GB SSD,Nvidia GeForce 930MX,Linux,1.64kg,1089.0,8,1.64,От 1000 евро
720,Dell,Vostro 5568,Notebook,15.6,Full HD 1920x1080,Intel Core i5 7200U 2.5GHz,8GB,1TB HDD,Intel HD Graphics 620,Linux,1.98kg,726.0,8,1.98,До 1000 евро
721,Asus,VivoBook E403NA,Notebook,14.0,Full HD 1920x1080,Intel Celeron Dual Core N3350 1.1GHz,4GB,32GB Flash Storage,Intel HD Graphics 500,Windows 10,1.5kg,298.0,4,1.5,До 1000 евро
722,Dell,Latitude 5580,Notebook,15.6,Full HD 1920x1080,Intel Core i5 7300U 2.6GHz,16GB,512GB SSD,Intel HD Graphics 620,Windows 10,1.93kg,1426.66,16,1.93,От 1000 евро
723,Lenovo,Thinkpad E470,Notebook,14.0,IPS Panel Full HD 1920x1080,Intel Core i5 7200U 2.5GHz,8GB,256GB SSD,Nvidia GeForce 920MX,Windows 10,1.87kg,857.07,8,1.87,До 1000 евро
724,Dell,Latitude 5580,Notebook,15.6,Full HD 1920x1080,Intel Core i5 7300U 2.6GHz,8GB,256GB SSD,Intel HD Graphics 620,Windows 10,1.9kg,1179.0,8,1.9,От 1000 евро
725,Lenovo,110-15ACL (A6-7310/4GB/500GB/W10),Notebook,15.6,1366x768,AMD A6-Series 7310 2GHz,4GB,500GB HDD,AMD Radeon R4,Windows 10,2.19kg,298.0,4,2.19,До 1000 евро
726,Mediacom,Smartbook 142,Notebook,14.0,IPS Panel Full HD 1920x1200,Intel Atom Z8350 1.92GHz,4GB,32GB HDD,Intel HD Graphics 400,Windows 10,1.4kg,265.0,4,1.4,До 1000 евро
727,HP,ProBook 470,Notebook,17.3,Full HD 1920x1080,Intel Core i7 7500U 2.7GHz,8GB,256GB SSD,Nvidia GeForce 930MX,Windows 10,2.63kg,1200.0,8,2.63,От 1000 евро
728,Lenovo,ThinkPad X1,Ultrabook,14.0,IPS Panel Quad HD+ 2560x1440,Intel Core i7 6500U 2.5GHz,8GB,512GB SSD,Intel HD Graphics 520,Windows 10,1.17kg,1686.64,8,1.17,От 1000 евро
729,HP,Pavilion X360,2 in 1 Convertible,13.3,IPS Panel Touchscreen 1366x768,Intel Core i5 7200U 2.5GHz,8GB,256GB SSD,Intel HD Graphics 620,Windows 10,1.58kg,836.6,8,1.58,До 1000 евро
730,Lenovo,ThinkPad T470s,Ultrabook,14.0,IPS Panel Full HD 1920x1080,Intel Core i5 7200U 2.5GHz,8GB,256GB SSD,Intel HD Graphics 620,Windows 10,1.32kg,1499.0,8,1.32,От 1000 евро
731,Dell,Alienware 17,Gaming,17.3,4K Ultra HD 3840x2160,Intel Core i7 7700HQ 2.8GHz,32GB,1TB SSD +  1TB HDD,Nvidia GeForce GTX 1070,Windows 10,4.36kg,3659.4,32,4.36,От 1000 евро
732,MSI,GL72M 7REX,Gaming,17.3,Full HD 1920x1080,Intel Core i7 7700HQ 2.8GHz,8GB,128GB SSD +  1TB HDD,Nvidia GeForce GTX 1050 Ti,Windows 10,2.7kg,1348.48,8,2.7,От 1000 евро
733,Lenovo,V310-15IKB (i5-7200U/4GB/1TB/No,Notebook,15.6,1366x768,Intel Core i5 7200U 2.5GHz,4GB,1TB HDD,Intel HD Graphics 620,No OS,1.9kg,489.9,4,1.9,До 1000 евро
734,Dell,Inspiron 5570,Notebook,15.6,Full HD 1920x1080,Intel Core i5 8250U 1.6GHz,8GB,128GB SSD +  1TB HDD,AMD Radeon 530,Windows 10,2.2kg,719.0,8,2.2,До 1000 евро
735,Dell,Inspiron 5378,2 in 1 Convertible,13.3,Full HD / Touchscreen 1920x1080,Intel Core i3 7100U 2.4GHz,4GB,1TB HDD,Intel HD Graphics 620,Windows 10,1.71kg,649.0,4,1.71,До 1000 евро
736,Dell,Inspiron 5567,Notebook,15.6,1366x768,Intel Core i5 7200U 2.5GHz,8GB,1TB HDD,AMD Radeon R7 M445,Linux,2.32kg,589.52,8,2.32,До 1000 евро
737,HP,15-BW037na (A9-9420/4GB/1TB/Radeon,Notebook,15.6,Full HD 1920x1080,AMD A9-Series 9420 3GHz,4GB,1TB HDD,AMD Radeon 520,Windows 10,2.1kg,489.0,4,2.1,До 1000 евро
738,Acer,Predator 17,Gaming,17.3,IPS Panel Full HD 1920x1080,Intel Core i7 6700HQ 2.6GHz,16GB,128GB SSD +  1TB HDD,Nvidia GeForce GTX 1060,Windows 10,4.2kg,1935.0,16,4.2,От 1000 евро
739,Dell,Inspiron 3567,Notebook,15.6,1366x768,Intel Core i5 7200U 2.5GHz,12GB,1TB HDD,Intel HD Graphics 620,Windows 10,2.25kg,649.0,12,2.25,До 1000 евро
740,HP,15-BW091ND (A9-9420/6GB/1TB,Notebook,15.6,Full HD 1920x1080,AMD A9-Series A9-9420 3GHz,6GB,128GB SSD +  1TB HDD,AMD Radeon 520,Windows 10,2.1kg,650.0,6,2.1,До 1000 евро
741,Acer,Extensa EX2540-58KR,Notebook,15.6,1366x768,Intel Core i5 7200U 2.5GHz,4GB,500GB HDD,Intel HD Graphics 620,Windows 10,2.4kg,559.0,4,2.4,До 1000 евро
742,Lenovo,ThinkPad 13,Notebook,13.3,IPS Panel Full HD 1920x1080,Intel Core i5 7200U 2.5GHz,8GB,256GB SSD,Intel HD Graphics 620,Windows 10,1.44kg,960.0,8,1.44,До 1000 евро
743,Lenovo,V310-15IKB (i7-7500U/4GB/1TB/FHD/W10),Notebook,15.6,Full HD 1920x1080,Intel Core i7 7500U 2.7GHz,4GB,1TB HDD,Intel HD Graphics 620,Windows 10,1.85kg,779.0,4,1.85,До 1000 евро
744,HP,ZBook 15,Workstation,15.6,Full HD 1920x1080,Intel Core i7 7700HQ 2.8GHz,16GB,256GB SSD,Nvidia Quadro M2200,Windows 10,2.6kg,2419.0,16,2.6,От 1000 евро
745,Dell,Inspiron 5379,2 in 1 Convertible,13.3,Full HD / Touchscreen 1920x1080,Intel Core i5 8250U 1.6GHz,8GB,1TB HDD,Intel UHD Graphics 620,Windows 10,1.55kg,659.0,8,1.55,До 1000 евро
746,MSI,GS63VR 7RF,Gaming,15.6,Full HD 1920x1080,Intel Core i7 7700HQ 2.8GHz,16GB,256GB SSD +  1TB HDD,Nvidia GeForce GTX 1060,Windows 10,1.8kg,2094.48,16,1.8,От 1000 евро
747,Acer,Aspire ES1-572,Notebook,15.6,1366x768,Intel Core i3 6006U 2GHz,4GB,500GB HDD,Intel HD Graphics 520,Windows 10,2.4kg,410.8,4,2.4,До 1000 евро
748,Dell,Inspiron 7560,Notebook,15.6,Full HD 1920x1080,Intel Core i7 7500U 2.7GHz,8GB,128GB SSD +  1TB HDD,Nvidia GeForce 940MX,Windows 10,2.0kg,1207.0,8,2.0,От 1000 евро
749,Dell,Vostro 3568,Notebook,15.6,1366x768,Intel Core i3 6006U 2GHz,8GB,256GB SSD,Intel HD Graphics 520,Windows 10,2kg,665.0,8,2.0,До 1000 евро
750,Toshiba,Tecra X40-D-10G,Notebook,14.0,IPS Panel Full HD / Touchscreen 1920x1080,Intel Core i5 7200U 2.5GHz,8GB,256GB SSD,Intel HD Graphics 620,Windows 10,1.25kg,1535.0,8,1.25,От 1000 евро
751,Lenovo,Flex 5,2 in 1 Convertible,14.0,Full HD / Touchscreen 1920x1080,Intel Core i5 7200U 2.5GHz,8GB,256GB SSD,Intel HD Graphics 620,Windows 10,1.7kg,999.0,8,1.7,До 1000 евро
752,Lenovo,Thinkpad P51s,Workstation,15.6,IPS Panel 4K Ultra HD 3840x2160,Intel Core i7 7600U 2.8GHz,16GB,1TB SSD,Nvidia Quadro M520M,Windows 10,2.5kg,3299.0,16,2.5,От 1000 евро
753,Acer,Chromebook 14,Notebook,14.0,1366x768,Intel Celeron Dual Core N3060 1.6GHz,2GB,32GB Flash Storage,Intel HD Graphics 400,Chrome OS,1.68kg,330.0,2,1.68,До 1000 евро
754,Samsung,Notebook 9,Ultrabook,13.3,Full HD 1920x1080,Intel Core i7 7500U 2.7GHz,16GB,256GB SSD,Intel HD Graphics 620,Windows 10,0.81kg,1649.0,16,0.81,От 1000 евро
755,HP,250 G6,Notebook,15.6,Full HD 1920x1080,Intel Core i3 6006U 2GHz,8GB,256GB SSD,Intel HD Graphics 520,Windows 10,1.86kg,539.0,8,1.86,До 1000 евро
757,Dell,Latitude 5480,Notebook,14.0,1366x768,Intel Core i5 7200U 2.5GHz,8GB,256GB SSD,Intel HD Graphics 620,Windows 10,1.6kg,1126.71,8,1.6,От 1000 евро
758,HP,Zbook 17,Workstation,17.3,IPS Panel Full HD 1920x1080,Intel Xeon E3-1535M v5 2.9GHz,16GB,256GB SSD,Nvidia Quadro M2000M,Windows 7,3kg,4389.0,16,3.0,От 1000 евро
759,Lenovo,N23 (N3060/4GB/128GB/W10),Netbook,11.6,Touchscreen 1366x768,Intel Celeron Dual Core N3060 1.6GHz,4GB,128GB SSD,Intel HD Graphics 400,Windows 10,1.4kg,475.0,4,1.4,До 1000 евро
760,HP,EliteBook 850,Notebook,15.6,Full HD 1920x1080,Intel Core i5 6300U 2.4GHz,8GB,256GB SSD,Intel HD Graphics 520,Windows 10,1.84kg,1900.0,8,1.84,От 1000 евро
761,Asus,X550VX-XX015D (i5-6300HQ/4GB/1TB/GeForce,Notebook,15.6,1366x768,Intel Core i5 6300HQ 2.3GHz,4GB,1TB HDD,Nvidia GeForce GTX 950M,No OS,2.45kg,579.0,4,2.45,До 1000 евро
762,Lenovo,Thinkpad T460,Ultrabook,14.0,Full HD 1920x1080,Intel Core i5 6200U 2.3GHz,4GB,180GB SSD,Intel HD Graphics 520,Windows 10,1.7kg,1096.0,4,1.7,От 1000 евро
763,Asus,Pro P2540UA-XO0192R,Notebook,15.6,1366x768,Intel Core i7 7500U 2.7GHz,4GB,256GB SSD,Intel HD Graphics 620,Windows 10,2.37kg,849.9,4,2.37,До 1000 евро
764,Lenovo,Yoga 900-13ISK,2 in 1 Convertible,13.3,IPS Panel Quad HD+ / Touchscreen 3200x1800,Intel Core i5 6260U 1.8GHz,8GB,256GB SSD,Intel HD Graphics 540,Windows 10,1.3kg,1199.0,8,1.3,От 1000 евро
765,HP,15-cb003na (i5-7300HQ/8GB/1TB,Notebook,15.6,IPS Panel Full HD 1920x1080,Intel Core i5 7300HQ 2.5GHz,8GB,128GB SSD +  1TB HDD,Nvidia GeForce GTX 1050,Windows 10,2.2kg,1099.0,8,2.2,От 1000 евро
766,HP,ZBook 15,Workstation,15.6,Full HD 1920x1080,Intel Core i7 6700HQ 2.6GHz,8GB,256GB SSD,Nvidia Quadro M1000M,Windows 7,2.59kg,1561.0,8,2.59,От 1000 евро
767,Dell,Alienware 17,Gaming,15.6,IPS Panel 4K Ultra HD 3840x2160,Intel Core i7 7700HQ 2.8GHz,16GB,256GB SSD +  1TB HDD,Nvidia GeForce GTX 1070,Windows 10,4.42kg,2868.99,16,4.42,От 1000 евро
768,Acer,Aspire 3,Notebook,15.6,1366x768,Intel Core i5 7200U 2.5GHz,4GB,256GB SSD,Intel HD Graphics 620,Windows 10,2.1kg,599.0,4,2.1,До 1000 евро
769,Lenovo,Legion Y520-15IKBN,Gaming,15.6,IPS Panel Full HD 1920x1080,Intel Core i7 7700HQ 2.8GHz,8GB,128GB SSD +  1TB HDD,Nvidia GeForce GTX 1050,Windows 10,2.5kg,1048.0,8,2.5,От 1000 евро
770,Dell,Latitude 7280,Ultrabook,12.5,Full HD 1920x1080,Intel Core i7 7600U 2.8GHz,16GB,256GB SSD,Intel HD Graphics 620,Windows 10,1.18kg,1859.0,16,1.18,От 1000 евро
771,Google,Pixelbook (Core,Ultrabook,12.3,Touchscreen 2400x1600,Intel Core i5 7Y57 1.2GHz,8GB,256GB SSD,Intel HD Graphics 615,Chrome OS,1.1kg,1559.0,8,1.1,От 1000 евро
772,Asus,Zenbook UX330UA-AH5Q,Ultrabook,13.3,IPS Panel Quad HD+ 3200x1800,Intel Core i5 7200U 2.5GHz,8GB,256GB SSD,Intel HD Graphics 620,Windows 10,1.2kg,1129.0,8,1.2,От 1000 евро
773,Dell,Latitude 3380,Notebook,13.3,1366x768,Intel Core i3 6006U 2GHz,4GB,500GB HDD,Intel HD Graphics 520,Windows 10,1.65kg,849.0,4,1.65,До 1000 евро
774,Acer,TravelMate P238-M,Notebook,13.3,1366x768,Intel Core i5 6200U 2.3GHz,4GB,128GB SSD,Intel HD Graphics 520,Windows 10,1.6kg,655.0,4,1.6,До 1000 евро
775,Asus,X751NV-TY001 (N4200/4GB/1TB/GeForce,Notebook,17.3,1366x768,Intel Pentium Quad Core N4200 1.1GHz,4GB,1TB HDD,Nvidia GeForce 920MX,Windows 10,2.8kg,470.34,4,2.8,До 1000 евро
776,Dell,Inspiron 7559,Gaming,15.6,IPS Panel Touchscreen / 4K Ultra HD 3840x2160,Intel Core i7 6700HQ 2.6GHz,16GB,128GB SSD +  1TB HDD,Nvidia GeForce GTX 960M,Windows 10,2.72kg,1099.0,16,2.72,От 1000 евро
777,Samsung,Notebook 9,Ultrabook,13.3,Full HD / Touchscreen 1920x1080,Intel Core i7 7500U 2.7GHz,8GB,256GB SSD,Intel HD Graphics 620,Windows 10,1.31kg,1599.0,8,1.31,От 1000 евро
778,Acer,Aspire A315-31,Notebook,15.6,1366x768,Intel Pentium Quad Core N4200 1.1GHz,4GB,1TB HDD,Intel HD Graphics 505,Linux,2.1kg,298.0,4,2.1,До 1000 евро
779,Dell,Inspiron 5567,Notebook,15.6,Full HD 1920x1080,Intel Core i7 7500U 2.7GHz,16GB,256GB SSD,AMD Radeon R7 M445,Windows 10,2.3kg,1181.27,16,2.3,От 1000 евро
780,Samsung,Notebook 9,2 in 1 Convertible,15.0,Full HD / Touchscreen 1920x1080,Intel Core i7 7500U 2.7GHz,16GB,256GB SSD,AMD Radeon 540,Windows 10,1.71kg,1799.0,16,1.71,От 1000 евро
781,Toshiba,Tecra A40-C-1E5,Notebook,14.0,IPS Panel 1366x768,Intel Core i5 6200U 2.3GHz,4GB,128GB SSD,Intel HD Graphics 520,Windows 10,1.75kg,1020.0,4,1.75,От 1000 евро
782,Dell,Inspiron 7567,Gaming,15.6,Full HD 1920x1080,Intel Core i7 7700HQ 2.8GHz,8GB,1TB HDD,Nvidia GeForce GTX 1050,Windows 10,2.62kg,1099.0,8,2.62,От 1000 евро
783,HP,EliteBook 820,Ultrabook,12.5,1366x768,Intel Core i5 6200U 2.3GHz,4GB,256GB SSD,Intel HD Graphics 520,Windows 10,1.26kg,1244.0,4,1.26,От 1000 евро
784,Asus,Q524UQ-BHI7T15 (i7-7500U/12GB/2TB/GeForce,2 in 1 Convertible,15.6,Full HD / Touchscreen 1920x1080,Intel Core i7 7500U 2.7GHz,12GB,2TB HDD,Nvidia GeForce 940MX,Windows 10,2.3kg,839.0,12,2.3,До 1000 евро
785,Lenovo,Thinkpad P50,Notebook,15.6,4K Ultra HD 3840x2160,Intel Core i7 6820HQ 2.7GHz,16GB,512GB SSD,Nvidia Quadro M2000M,Windows 7,2.5kg,2370.0,16,2.5,От 1000 евро
786,Acer,Swift 3,Notebook,14.0,IPS Panel Full HD 1920x1080,Intel Core i3 7100U 2.4GHz,4GB,128GB SSD,Intel HD Graphics 620,Windows 10,1.8kg,636.0,4,1.8,До 1000 евро
787,Razer,Blade Pro,Gaming,14.0,Full HD 1920x1080,Intel Core i7 7700HQ 2.8GHz,16GB,512GB SSD,Nvidia GeForce GTX 1060,Windows 10,1.95kg,2899.0,16,1.95,От 1000 евро
788,Asus,Vivobook Max,Notebook,15.6,1920x1080,Intel Pentium Dual Core N4200 1.1GHz,8GB,128GB SSD,Intel HD Graphics 505,Windows 10,2kg,581.9,8,2.0,До 1000 евро
789,Dell,Alienware 17,Gaming,17.3,IPS Panel Full HD 1920x1080,Intel Core i7 7700HQ 2.8GHz,32GB,1TB SSD +  1TB HDD,Nvidia GeForce GTX 1070M,Windows 10,4.42kg,3588.8,32,4.42,От 1000 евро
790,Asus,Rog G752VS-BA171T,Gaming,17.3,IPS Panel Full HD 1920x1080,Intel Core i7 6700HQ 2.6GHz,16GB,256GB SSD +  1TB HDD,Nvidia GeForce GTX 1070,Windows 10,4.3kg,2350.0,16,4.3,От 1000 евро
791,Toshiba,Tecra Z40-C-161,Ultrabook,14.0,IPS Panel Full HD 1920x1080,Intel Core i7 6600U 2.6GHz,16GB,512GB SSD,Nvidia GeForce 930M,Windows 10,1.47kg,1764.0,16,1.47,От 1000 евро
792,Lenovo,IdeaPad 110-15IBR,Notebook,15.6,1366x768,Intel Celeron Quad Core N3710 1.6GHz,8GB,1TB HDD,Intel HD Graphics 405,No OS,2.2kg,329.0,8,2.2,До 1000 евро
793,Lenovo,ThinkPad T470s,Ultrabook,14.0,Full HD 1920x1080,Intel Core i7 7500U 2.7GHz,16GB,512GB SSD,Intel HD Graphics 620,Windows 10,1.7kg,2299.0,16,1.7,От 1000 евро
794,MSI,GS43VR 7RE,Gaming,14.0,IPS Panel Full HD 1920x1080,Intel Core i7 7700HQ 2.8GHz,16GB,256GB SSD +  1TB HDD,Nvidia GeForce GTX 1060,Windows 10,1.6kg,1891.0,16,1.6,От 1000 евро
795,MSI,GL62M (i5-7300HQ/8GB/1TB,Gaming,15.6,Full HD 1920x1080,Intel Core i5 7300HQ 2.5GHz,8GB,128GB SSD +  1TB HDD,Nvidia GeForce GTX 1050,Windows 10,2.2kg,1089.0,8,2.2,От 1000 евро
796,Lenovo,Legion Y520-15IKBN,Gaming,15.6,IPS Panel Full HD 1920x1080,Intel Core i7 7700HQ 2.8GHz,4GB,1TB HDD,Nvidia GeForce GTX 1050,Windows 10,2.4kg,999.0,4,2.4,До 1000 евро
797,Acer,Predator G9-793,Gaming,17.3,IPS Panel Full HD 1920x1080,Intel Core i7 7700HQ 2.8GHz,16GB,256GB SSD +  1TB HDD,Nvidia GeForce GTX 1060,Windows 10,4.2kg,2299.0,16,4.2,От 1000 евро
798,Dell,Inspiron 7567,Gaming,15.6,Full HD 1920x1080,Intel Core i5 7300HQ 2.5GHz,8GB,256GB SSD,Nvidia GeForce GTX 1050,Windows 10,2.62kg,985.0,8,2.62,До 1000 евро
799,Asus,FX502VM-DM560T (i7-7700HQ/8GB/1TB,Gaming,15.6,Full HD 1920x1080,Intel Core i7 7700HQ 2.8GHz,8GB,128GB SSD +  1TB HDD,Nvidia GeForce GTX1060,Windows 10,2.24kg,1339.0,8,2.24,От 1000 евро
800,Vero,K146 (N3350/4GB/32GB/W10),Notebook,14.0,1920x1080,Intel Celeron Dual Core N3350 1.1GHz,4GB,32GB Flash Storage,Intel HD Graphics 500,Windows 10,1.22kg,202.9,4,1.22,До 1000 евро
801,Lenovo,ThinkPad Yoga,2 in 1 Convertible,13.3,IPS Panel Full HD / Touchscreen 1920x1080,Intel Core i7 7500U 2.7GHz,8GB,512GB SSD,Intel HD Graphics 620,Windows 10,1.37kg,1970.0,8,1.37,От 1000 евро
802,Lenovo,Yoga 510-15IKB,2 in 1 Convertible,15.6,Full HD / Touchscreen 1920x1080,Intel Core i5 7200U 2.5GHz,8GB,256GB SSD,AMD Radeon R7 M460,Windows 10,2.08kg,959.0,8,2.08,До 1000 евро
803,Apple,"MacBook 12""",Ultrabook,12.0,IPS Panel Retina Display 2304x1440,Intel Core M 1.2GHz,8GB,512GB Flash Storage,Intel HD Graphics 5300,Mac OS X,0.920kg,1165.0,8,0.92,От 1000 евро
804,Lenovo,ThinkPad X1,2 in 1 Convertible,14.0,IPS Panel Touchscreen 2560x1440,Intel Core i5 7200U 2.5GHz,8GB,256GB SSD,Intel HD Graphics 620,Windows 10,1.42kg,2330.0,8,1.42,От 1000 евро
805,Asus,R417NA-RS01 (N3350/4GB/32GB/W10),Notebook,14.0,1366x768,Intel Celeron Dual Core N3350 1.1GHz,4GB,32GB Flash Storage,Intel HD Graphics 500,Windows 10,1.63kg,299.0,4,1.63,До 1000 евро
806,Dell,Latitude 3580,Notebook,15.6,1366x768,Intel Core i5 7200U 2.5GHz,8GB,128GB SSD,Intel HD Graphics 620,Windows 10,1.95kg,810.0,8,1.95,До 1000 евро
807,Lenovo,Yoga 910-13IKB,2 in 1 Convertible,13.9,IPS Panel Full HD / Touchscreen 1920x1080,Intel Core i7 7500U 2.7GHz,8GB,256GB SSD,Intel HD Graphics 620,Windows 10,1.38kg,1349.0,8,1.38,От 1000 евро
808,Dell,Vostro 5568,Notebook,15.6,Full HD 1920x1080,Intel Core i3 6006U 2GHz,8GB,256GB SSD,AMD Radeon R5 M420X,Windows 10,2kg,739.0,8,2.0,До 1000 евро
809,HP,ZBook 17,Workstation,15.6,Full HD 1920x1080,Intel Core i7 7700HQ 2.8GHz,8GB,256GB SSD,Nvidia Quadro M2200,Windows 10,3.14kg,2064.9,8,3.14,От 1000 евро
810,Asus,Pro P2540UA-XS51,Notebook,15.6,Full HD 1920x1080,Intel Core i5 7200U 2.5GHz,8GB,256GB SSD,Intel HD Graphics 620,Windows 10,2.37kg,1099.0,8,2.37,От 1000 евро
811,Dell,XPS 13,Ultrabook,13.3,Full HD 1920x1080,Intel Core i5 7200U 2.5GHz,8GB,256GB SSD,Intel HD Graphics 620,Windows 10,1.29kg,1499.0,8,1.29,От 1000 евро
812,Dell,XPS 15,Notebook,15.6,4K Ultra HD / Touchscreen 3840x2160,Intel Core i5 7300HQ 2.5GHz,8GB,256GB SSD,Nvidia GeForce GTX 1050,Windows 10,2.06kg,1749.0,8,2.06,От 1000 евро
813,Dell,Latitude 3180,Netbook,11.6,1366x768,Intel Pentium Quad Core N4200 1.1GHz,4GB,128GB SSD,Intel HD Graphics 505,Windows 10,1.63kg,744.0,4,1.63,До 1000 евро
814,HP,EliteBook 820,Netbook,12.5,1366x768,Intel Core i5 7300U 2.6GHz,8GB,256GB SSD,Intel HD Graphics 620,Windows 10,1.26kg,1389.0,8,1.26,От 1000 евро
815,Toshiba,Satellite Pro,Notebook,15.6,1366x768,Intel Core i5 6200U 2.3GHz,4GB,500GB HDD,Intel HD Graphics 520,Windows 10,2.1kg,780.0,4,2.1,До 1000 евро
816,HP,15-ba043na (A12-9700P/8GB/2TB/W10),Notebook,15.6,1366x768,AMD A12-Series 9700P 2.5GHz,8GB,2TB HDD,AMD Radeon R7 Graphics,Windows 10,2.04kg,629.0,8,2.04,До 1000 евро
817,Dell,Inspiron 7567,Gaming,15.6,4K Ultra HD 3840x2160,Intel Core i7 7700HQ 2.8GHz,16GB,512GB SSD,Nvidia GeForce GTX 1050 Ti,Windows 10,2.62kg,1679.0,16,2.62,От 1000 евро
818,Lenovo,IdeaPad 310-15IKB,Notebook,15.6,Full HD 1920x1080,Intel Core i5 7200U 2.5GHz,4GB,1TB HDD,Nvidia GeForce 920M,Windows 10,2.4kg,609.0,4,2.4,До 1000 евро
819,HP,Omen 17-an012dx,Gaming,17.3,IPS Panel Full HD 1920x1080,Intel Core i7 7700HQ 2.8GHz,12GB,1TB HDD,AMD Radeon RX 580,Windows 10,3.74kg,1749.0,12,3.74,От 1000 евро
820,MSI,GE72MVR 7RG,Gaming,17.3,Full HD 1920x1080,Intel Core i7 7700HQ 2.8GHz,16GB,512GB SSD +  1TB HDD,Nvidia GeForce GTX 1070,Windows 10,2.9kg,2415.0,16,2.9,От 1000 евро
821,Samsung,Notebook 9,Ultrabook,13.3,Full HD 1920x1080,Intel Core i5 7200U 2.5GHz,8GB,256GB SSD,Intel HD Graphics 620,Windows 10,0.81kg,1499.0,8,0.81,От 1000 евро
822,Dell,Vostro 5568,Notebook,15.6,Full HD 1920x1080,Intel Core i7 7500U 2.7GHz,8GB,1TB HDD,Nvidia GeForce GT 940MX,Windows 10,1.98kg,961.0,8,1.98,До 1000 евро
823,Dell,Vostro 3568,Notebook,15.6,Full HD 1920x1080,Intel Core i5 7200U 2.5GHz,8GB,256GB SSD,AMD Radeon R5 M420,Windows 10,2.18kg,789.81,8,2.18,До 1000 евро
824,Lenovo,Thinkpad T470s,Ultrabook,14.0,Full HD 1920x1080,Intel Core i7 7500U 2.7GHz,8GB,256GB SSD,Intel HD Graphics 620,Windows 10,1.32kg,1859.0,8,1.32,От 1000 евро
825,Razer,Blade Stealth,Ultrabook,12.5,IPS Panel 4K Ultra HD / Touchscreen 3840x2160,Intel Core i7 7500U 2.5GHz,16GB,512GB SSD,Intel HD Graphics 620,Windows 10,1.29kg,1799.0,16,1.29,От 1000 евро
826,HP,Chromebook 11,Netbook,11.6,1366x768,Intel Celeron Dual Core N3060 1.6GHz,4GB,16GB Flash Storage,Intel HD Graphics 400,Chrome OS,1.23kg,385.0,4,1.23,До 1000 евро
827,Dell,Alienware 17,Gaming,17.3,IPS Panel Full HD 1920x1080,Intel Core i7 7700HQ 2.8GHz,16GB,128GB SSD +  1TB HDD,Nvidia GeForce GTX 1060,Windows 10,4.36kg,2505.02,16,4.36,От 1000 евро
828,Dell,Latitude 3480,Notebook,14.0,1366x768,Intel Core i5 6200U 2.3GHz,4GB,500GB HDD,Intel HD Graphics 520,Windows 10,1.76kg,755.0,4,1.76,До 1000 евро
829,Lenovo,V110-15ISK (i3-6006U/4GB/500GB/W10),Notebook,15.6,1366x768,Intel Core i3 6006U 2GHz,4GB,500GB HDD,Intel HD Graphics 520,Windows 10,2.1kg,489.9,4,2.1,До 1000 евро
830,Toshiba,Tecra X40-D-10Z,Ultrabook,14.0,1366x768,Intel Core i5 7200U 2.5GHz,4GB,128GB SSD,Intel HD Graphics 620,Windows 10,1.25kg,1090.0,4,1.25,От 1000 евро
831,Lenovo,Thinkpad X1,Ultrabook,14.0,IPS Panel Full HD 1920x1080,Intel Core i7 7500U 2.7GHz,8GB,512GB SSD,Intel HD Graphics 620,Windows 10,1.13kg,2499.0,8,1.13,От 1000 евро
832,MSI,GL62M 7RD,Gaming,15.6,Full HD 1920x1080,Intel Core i5 7300HQ 2.5GHz,8GB,256GB SSD,Nvidia GeForce GTX 1050,Windows 10,2.4kg,1199.0,8,2.4,От 1000 евро
833,Lenovo,ThinkPad X1,Ultrabook,14.0,IPS Panel Full HD 1920x1080,Intel Core i5 7200U 2.5GHz,8GB,256GB Flash Storage,Intel HD Graphics 620,Windows 10,1.13kg,1875.0,8,1.13,От 1000 евро
834,Toshiba,Satellite Pro,Notebook,14.0,1366x768,Intel Pentium Dual Core 4405U 2.1GHz,4GB,128GB SSD,Intel HD Graphics 510,Windows 10,1.75kg,499.0,4,1.75,До 1000 евро
835,Asus,ZenBook Flip,2 in 1 Convertible,13.3,Touchscreen / Full HD 1920x1080,Intel Core i5 7200U 2.5GHz,8GB,256GB SSD,Intel HD Graphics 620,Windows 10,1.1kg,1358.0,8,1.1,От 1000 евро
836,Dell,Latitude 3480,Notebook,14.0,1366x768,Intel Core i3 6006U 2GHz,4GB,500GB HDD,Intel HD Graphics 520,Windows 10,1.76kg,585.0,4,1.76,До 1000 евро
837,Acer,Chromebook 11,Netbook,11.6,IPS Panel 1366x768,Intel Celeron Dual Core N3060 1.6GHz,4GB,32GB Flash Storage,Intel HD Graphics 400,Chrome OS,1.35kg,355.0,4,1.35,До 1000 евро
838,Acer,Swift 3,Notebook,14.0,IPS Panel Full HD 1920x1080,Intel Core i3 7100U 2.4GHz,8GB,128GB SSD,Intel HD Graphics 620,Windows 10,1.5kg,619.0,8,1.5,До 1000 евро
839,Razer,Blade Pro,Gaming,17.3,4K Ultra HD / Touchscreen 3840x2160,Intel Core i7 7820HK 2.9GHz,32GB,512GB SSD,Nvidia GeForce GTX 1080,Windows 10,3.49kg,5499.0,32,3.49,От 1000 евро
840,Lenovo,Thinkpad X1,Ultrabook,14.0,IPS Panel Quad HD+ 2560x1440,Intel Core i7 6600U 2.6GHz,16GB,512GB SSD,Intel HD Graphics 520,Windows 10,1.1kg,2099.0,16,1.1,От 1000 евро
841,Asus,VivoBook Max,Notebook,15.6,Full HD 1920x1080,Intel Core i5 7200U 2.5GHz,4GB,1TB HDD,Nvidia GeForce 920,Linux,2.1kg,519.0,4,2.1,До 1000 евро
842,Lenovo,Thinkpad T460,Notebook,14.0,Full HD 1920x1080,Intel Core i5 6200U 2.3GHz,8GB,256GB SSD,Intel HD Graphics 520,Windows 10,1.7kg,1186.0,8,1.7,От 1000 евро
843,Lenovo,ThinkPad T470s,Notebook,14.0,IPS Panel Full HD 1920x1080,Intel Core i5 7300U 2.6GHz,8GB,256GB SSD,Intel HD Graphics 620,Windows 10,1.32kg,1650.0,8,1.32,От 1000 евро
844,Dell,Alienware 15,Gaming,15.6,Full HD 1920x1080,Intel Core i7 7700HQ 2.8GHz,16GB,256GB SSD +  1TB HDD,Nvidia GeForce GTX 1070,Windows 10,3.21kg,2774.63,16,3.21,От 1000 евро
845,Asus,Rog GL702VS-BA023T,Gaming,17.3,Full HD 1920x1080,Intel Core i7 7700HQ 2.8GHz,16GB,256GB SSD +  1TB HDD,Nvidia GeForce GTX 1070,Windows 10,2.9kg,2419.0,16,2.9,От 1000 евро
846,Toshiba,Satellite Pro,Notebook,15.6,1366x768,Intel Core i3 7100U 2.4GHz,4GB,500GB HDD,Intel HD Graphics 620,Windows 10,2.0kg,669.0,4,2.0,До 1000 евро
847,Lenovo,N42-20 Chromebook,Notebook,14.0,1366x768,Intel Celeron Quad Core N3160 1.6GHz,4GB,16GB Flash Storage,Intel HD Graphics 400,Chrome OS,1.5kg,325.0,4,1.5,До 1000 евро
848,Asus,R558UA-DM966T (i5-7200U/8GB/128GB/FHD/W10),Notebook,15.6,Full HD 1920x1080,Intel Core i5 7200U 2.5GHz,8GB,128GB HDD,Intel HD Graphics 620,Windows 10,2.3kg,590.0,8,2.3,До 1000 евро
849,Asus,Rog GL702VM-GC017T,Gaming,17.3,Full HD 1920x1080,Intel Core i7 6700HQ 2.6GHz,16GB,512GB SSD +  1TB HDD,Nvidia GeForce GTX 1060,Windows 10,2.73kg,1799.0,16,2.73,От 1000 евро
851,Dell,Alienware 17,Gaming,17.3,IPS Panel Full HD 1920x1080,Intel Core i7 7700HQ 2.8GHz,32GB,512GB SSD +  1TB HDD,Nvidia GeForce GTX 1070,Windows 10,4.42kg,3072.89,32,4.42,От 1000 евро
852,HP,ProBook 470,Notebook,17.3,1600x900,Intel Core i5 7200U 2.5GHz,8GB,1TB HDD,Nvidia GeForce 930MX,Windows 10,2.63kg,910.0,8,2.63,До 1000 евро
853,Dell,Vostro 3568,Notebook,15.6,1366x768,Intel Core i5 7200U 2.5GHz,8GB,128GB SSD,Intel HD Graphics 620,Windows 10,2.18kg,713.99,8,2.18,До 1000 евро
854,HP,EliteBook 840,Ultrabook,14.0,Full HD 1920x1080,Intel Core i7 6500U 2.5GHz,8GB,512GB SSD,Intel HD Graphics 520,Windows 7,1.54kg,1870.0,8,1.54,От 1000 евро
855,Dell,Vostro 3568,Notebook,15.6,Full HD 1920x1080,Intel Core i7 7500U 2.7GHz,4GB,256GB SSD,AMD Radeon R5 M420,Windows 10,2.18kg,739.0,4,2.18,До 1000 евро
856,HP,Chromebook X360,2 in 1 Convertible,11.6,Touchscreen 1366x768,Intel Celeron Dual Core N3350 1.1GHz,4GB,32GB Flash Storage,Intel HD Graphics 500,Chrome OS,1.4kg,615.0,4,1.4,До 1000 евро
857,Asus,ZenBook UX310UQ-GL026T,Ultrabook,13.3,IPS Panel Full HD 1920x1080,Intel Core i5 6200U 2.3GHz,8GB,512GB SSD,Nvidia GeForce 940M,Windows 10,1.45kg,1026.0,8,1.45,От 1000 евро
858,HP,EliteBook x360,2 in 1 Convertible,13.3,Full HD / Touchscreen 1920x1080,Intel Core i5 7200U 2.5GHz,8GB,256GB SSD,Intel HD Graphics 620,Windows 10,1.28kg,2277.0,8,1.28,От 1000 евро
859,HP,EliteBook 840,Ultrabook,14.0,Full HD 1920x1080,Intel Core i7 6500U 2.5GHz,8GB,512GB SSD,Intel HD Graphics 520,Windows 10,1.54kg,1468.0,8,1.54,От 1000 евро
860,HP,250 G6,Notebook,15.6,1366x768,Intel Celeron Dual Core N3060 1.6GHz,4GB,128GB SSD,Intel HD Graphics 400,No OS,1.86kg,299.0,4,1.86,До 1000 евро
862,Asus,Rog GL502VM-DS74,Gaming,15.6,Full HD 1920x1080,Intel Core i7 7700HQ 2.8GHz,16GB,128GB SSD +  1TB HDD,Nvidia GeForce GTX 1060,Windows 10,2.1kg,1899.0,16,2.1,От 1000 евро
863,Dell,Inspiron 5767,Notebook,17.3,Full HD 1920x1080,Intel Core i7 7500U 2.7GHz,8GB,1TB HDD,AMD Radeon R7 M445,Linux,2.83kg,865.0,8,2.83,До 1000 евро
864,Lenovo,ThinkPad T470p,Ultrabook,14.0,IPS Panel Full HD 1920x1080,Intel Core i7 7700HQ 2.8GHz,8GB,256GB SSD,Nvidia GeForce GT 940MX,Windows 10,1.96kg,1903.0,8,1.96,От 1000 евро
865,Asus,K556UR-DM621T (i7-7500U/8GB/256GB/GeForce,Notebook,15.6,IPS Panel Full HD 1920x1080,Intel Core i7 7500U 2.7GHz,8GB,256GB SSD,Nvidia GeForce GTX 930MX,Windows 10,2.3kg,787.0,8,2.3,До 1000 евро
866,Dell,Latitude 5580,Notebook,15.6,Full HD 1920x1080,Intel Core i5 7200U 2.5GHz,8GB,128GB SSD,Intel HD Graphics 620,Windows 10,1.9kg,945.0,8,1.9,До 1000 евро
867,Asus,X541NA (N4200/4GB/1TB/W10),Notebook,15.6,1366x768,Intel Pentium Quad Core N4200 1.1GHz,4GB,1TB HDD,Intel HD Graphics 505,Windows 10,2kg,449.0,4,2.0,До 1000 евро
868,HP,EliteBook x360,2 in 1 Convertible,13.3,Full HD / Touchscreen 1920x1080,Intel Core i7 7600U 2.8GHz,8GB,256GB SSD,Intel HD Graphics 620,Windows 10,1.28kg,2559.0,8,1.28,От 1000 евро
869,Dell,Inspiron 5368,Notebook,13.3,Full HD / Touchscreen 1920x1080,Intel Core i5 6200U 2.3GHz,8GB,1TB HDD,Intel HD Graphics 520,Windows 10,1.62kg,649.0,8,1.62,До 1000 евро
870,Lenovo,IdeaPad 110-15ISK,Notebook,15.6,Full HD 1920x1080,Intel Core i3 6006U 2.0GHz,4GB,1TB HDD,Intel HD Graphics 520,No OS,2.2kg,469.0,4,2.2,До 1000 евро
871,Lenovo,ThinkPad E570,Notebook,15.6,IPS Panel Full HD 1920x1080,Intel Core i5 7200U 2.5GHz,8GB,1TB HDD,Intel HD Graphics 620,Windows 10,2.3kg,850.66,8,2.3,До 1000 евро
872,HP,EliteBook 850,Notebook,15.6,Full HD 1920x1080,Intel Core i5 7300U 2.6GHz,8GB,256GB SSD,AMD Radeon R7 M465,Windows 10,1.84kg,1349.0,8,1.84,От 1000 евро
873,Toshiba,Portege X30-D-10X,Notebook,13.3,Full HD 1920x1080,Intel Core i5 7200U 2.5GHz,4GB,128GB SSD,Intel HD Graphics 620,Windows 10,1.05kg,1285.0,4,1.05,От 1000 евро
874,Lenovo,Legion Y520-15IKBN,Gaming,15.6,IPS Panel Full HD 1920x1080,Intel Core i5 7300HQ 2.5GHz,8GB,1TB HDD,Nvidia GeForce GTX 1050,No OS,2.5kg,1017.0,8,2.5,От 1000 евро
875,Dell,XPS 13,Ultrabook,13.3,Quad HD+ / Touchscreen 3200x1800,Intel Core i7 7660U 2.5GHz,16GB,512GB SSD,Intel Iris Plus Graphics 640,Windows 10,1.29kg,2240.0,16,1.29,От 1000 евро
876,HP,Probook 450,Notebook,15.6,Full HD 1920x1080,Intel Core i5 6200U 2.3GHz,4GB,500GB HDD,Intel HD Graphics 520,Windows 10,2.07kg,910.0,4,2.07,До 1000 евро
877,Toshiba,Portйgй Z30-C-188,Ultrabook,13.3,1366x768,Intel Core i5 6200U 2.3GHz,8GB,256GB SSD,Intel HD Graphics 520,Windows 10,1.2kg,1095.0,8,1.2,От 1000 евро
878,Lenovo,ThinkPad Yoga,2 in 1 Convertible,13.3,IPS Panel Full HD / Touchscreen 1920x1080,Intel Core i7 7500U 2.7GHz,8GB,256GB SSD,Intel HD Graphics 620,Windows 10,1.37kg,1950.0,8,1.37,От 1000 евро
879,Acer,TMX349-G2-M-50FS (i5-7200U/8GB/256GB/FHD/W10),Notebook,14.0,IPS Panel Full HD 1920x1080,Intel Core i5 7200U 2.5GHz,8GB,256GB SSD,Intel HD Graphics 620,Windows 10,1.56kg,902.0,8,1.56,До 1000 евро
880,Dell,Precision 3520,Workstation,15.6,Full HD 1920x1080,Intel Core i7 7700HQ 2.8GHz,8GB,1TB HDD,Nvidia Quadro M620,Windows 10,2.23kg,1778.0,8,2.23,От 1000 евро
881,Lenovo,ThinkPad L570,Notebook,15.6,1366x768,Intel Core i5 7200U 2.5GHz,4GB,500GB HDD,Intel HD Graphics 620,Windows 10,2.38kg,1055.0,4,2.38,От 1000 евро
882,Lenovo,IdeaPad 110-15ISK,Notebook,15.6,Full HD 1920x1080,Intel Core i3 6006U 2GHz,4GB,1TB HDD,AMD Radeon R5 M430,No OS,2.2kg,479.0,4,2.2,До 1000 евро
883,Toshiba,Tecra A50-D-11D,Notebook,15.6,IPS Panel Full HD 1920x1080,Intel Core i7 7500U 2.7GHz,8GB,256GB SSD,Intel HD Graphics 620,Windows 10,2.0kg,1388.0,8,2.0,От 1000 евро
884,Lenovo,Thinkpad 13,Notebook,13.3,IPS Panel Full HD 1920x1080,Intel Core i3 7100U 2.4GHz,4GB,180GB SSD,Intel HD Graphics 620,Windows 10,1.44kg,735.0,4,1.44,До 1000 евро
885,Samsung,Notebook 9,Ultrabook,15.0,Full HD 1920x1080,Intel Core i7 7500U 2.7GHz,16GB,256GB SSD,Nvidia GeForce 940MX,Windows 10,1.23kg,1849.0,16,1.23,От 1000 евро
886,Dell,Latitude 7280,Ultrabook,12.5,Full HD 1920x1080,Intel Core i7 7600U 2.8GHz,8GB,256GB SSD,Intel HD Graphics 620,Windows 10,1.6kg,1690.0,8,1.6,От 1000 евро
887,Asus,X541NA-GO121 (N4200/4GB/1TB/Linux),Notebook,15.6,1366x768,Intel Pentium Quad Core N4200 1.1GHz,4GB,1TB HDD,Intel HD Graphics 505,Linux,2kg,398.99,4,2.0,До 1000 евро
888,Xiaomi,Mi Notebook,Ultrabook,13.3,IPS Panel Full HD 1920x1080,Intel Core i5 6200U 2.3GHz,8GB,256GB SSD,Nvidia GeForce 940MX,Windows 10,1.28kg,935.0,8,1.28,До 1000 евро
889,Dell,Vostro 5568,Notebook,15.6,Full HD 1920x1080,Intel Core i5 7200U 2.5GHz,4GB,128GB SSD +  1TB HDD,Nvidia GeForce 940MX,Windows 10,2.18kg,912.5,4,2.18,До 1000 евро
890,HP,ProBook 450,Notebook,15.6,Full HD 1920x1080,Intel Core i5 7200U 2.5GHz,4GB,256GB SSD,Intel HD Graphics 620,Windows 10,2.04kg,839.0,4,2.04,До 1000 евро
891,HP,EliteBook x360,2 in 1 Convertible,13.3,Full HD / Touchscreen 1920x1080,Intel Core i5 7200U 2.5GHz,4GB,256GB SSD,Intel HD Graphics 620,Windows 10,1.28kg,1700.0,4,1.28,От 1000 евро
892,HP,Pavilion x360,2 in 1 Convertible,15.6,Touchscreen 1366x768,Intel Core i5 7200U 2.5GHz,4GB,500GB HDD,Intel HD Graphics 620,Windows 10,2.3kg,684.8,4,2.3,До 1000 евро
893,Asus,VivoBook L402NA,Notebook,14.1,1366x768,Intel Celeron Dual Core N3350 1.1GHz,4GB,32GB Flash Storage,Intel HD Graphics 500,Windows 10,1.65kg,348.0,4,1.65,До 1000 евро
894,Lenovo,IdeaPad 510-15ISK,Notebook,15.6,IPS Panel Full HD 1920x1080,Intel Core i7 6500U 2.5GHz,8GB,1TB HDD,Nvidia GeForce 940MX,Windows 10,2.2kg,669.0,8,2.2,До 1000 евро
895,Dell,Inspiron 3552,Notebook,15.6,1366x768,Intel Pentium Quad Core N3710 1.6GHz,4GB,500GB HDD,Intel HD Graphics,Windows 10,2.2kg,369.0,4,2.2,До 1000 евро
896,HP,EliteBook x360,2 in 1 Convertible,13.3,Full HD / Touchscreen 1920x1080,Intel Core i5 7200U 2.5GHz,4GB,256GB SSD,Intel HD Graphics 620,Windows 10,1.28kg,1799.0,4,1.28,От 1000 евро
897,Dell,Vostro 3568,Notebook,15.6,1366x768,Intel Core i3 6006U 2.0GHz,4GB,1TB HDD,AMD Radeon R5 M420X,Linux,2.18kg,455.7,4,2.18,До 1000 евро
898,Asus,Rog GL753VD-GC082T,Gaming,17.3,Full HD 1920x1080,Intel Core i5 7300HQ 2.5GHz,12GB,128GB SSD +  1TB HDD,Nvidia GeForce GTX 1050,Windows 10,2.2kg,1369.9,12,2.2,От 1000 евро
899,Acer,Chromebook C731-C78G,Netbook,11.6,IPS Panel 1366x768,Intel Celeron Dual Core N3060 1.6GHz,4GB,32GB Flash Storage,Intel HD Graphics 400,Chrome OS,1.25kg,297.0,4,1.25,До 1000 евро
900,Lenovo,IdeaPad 110-17ACL,Notebook,17.3,1600x900,AMD A4-Series 7210 2.2GHz,4GB,500GB HDD,AMD Radeon R3,Windows 10,2.8kg,379.0,4,2.8,До 1000 евро
901,HP,Probook 640,Notebook,14.0,Full HD 1920x1080,Intel Core i5 7200U 2.5GHz,4GB,128GB SSD,Intel HD Graphics 620,Windows 10,1.95kg,1265.0,4,1.95,От 1000 евро
902,HP,Envy x360,2 in 1 Convertible,13.3,Quad HD+ / Touchscreen 3200x1800,Intel Core i7 7500U 2.7GHz,16GB,256GB SSD,Intel HD Graphics 620,Windows 10,1.42kg,1399.0,16,1.42,От 1000 евро
903,Samsung,Notebook 9,Ultrabook,15.0,Full HD 1920x1080,Intel Core i7 7500U 2.7GHz,8GB,256GB SSD,Intel HD Graphics 620,Windows 10,1.17kg,1699.0,8,1.17,От 1000 евро
904,Lenovo,ThinkPad T470s,Ultrabook,14.0,IPS Panel Full HD 1920x1080,Intel Core i5 7200U 2.5GHz,8GB,256GB SSD,Intel HD Graphics 620,Windows 10,1.32kg,1799.0,8,1.32,От 1000 евро
905,MSI,GS73VR Stealth,Gaming,17.3,IPS Panel 4K Ultra HD 3840x2160,Intel Core i7 6700HQ 2.6GHz,16GB,512GB SSD +  2TB HDD,Nvidia GeForce GTX 1060,Windows 10,2.43kg,2649.0,16,2.43,От 1000 евро
906,Toshiba,Portege X30-D-10V,Notebook,13.3,Full HD 1920x1080,Intel Core i5 7200U 2.5GHz,8GB,256GB SSD,Intel HD Graphics 620,Windows 10,1.05kg,1475.0,8,1.05,От 1000 евро
908,Dell,Inspiron 7567,Gaming,15.6,Full HD 1920x1080,Intel Core i7 7700HQ 2.8GHz,8GB,1TB HDD,Nvidia GeForce GTX 1050Ti,Linux,2.62kg,929.0,8,2.62,До 1000 евро
909,HP,ProBook 450,Notebook,15.6,Full HD 1920x1080,Intel Core i7 7500U 2.7GHz,8GB,1TB HDD,Nvidia GeForce 930MX,Windows 10,2.04kg,900.0,8,2.04,До 1000 евро
910,Dell,Vostro 3568,Notebook,15.6,1366x768,Intel Core i3 6006U 2.0GHz,4GB,1TB HDD,AMD Radeon R5 M420X,Windows 10,2.18kg,614.0,4,2.18,До 1000 евро
911,Dell,Latitude 5580,Notebook,15.6,Full HD 1920x1080,Intel Core i5 7300U 2.6GHz,8GB,500GB HDD,Intel HD Graphics 620,Windows 10,1.9kg,935.0,8,1.9,До 1000 евро
912,Dell,XPS 13,2 in 1 Convertible,13.3,Quad HD+ / Touchscreen 3200x1800,Intel Core i7 7Y75 1.3GHz,8GB,512GB SSD,Intel HD Graphics 615,Windows 10,1.24kg,2013.1,8,1.24,От 1000 евро
913,Asus,G701VO-IH74K (i7-6820HK/32GB/2x,Gaming,17.3,IPS Panel Full HD 1920x1080,Intel Core i7 6820HK 2.7GHz,32GB,256GB SSD +  256GB SSD,Nvidia GeForce GTX 980M,Windows 10,3.58kg,1279.0,32,3.58,От 1000 евро
914,Dell,XPS 13,2 in 1 Convertible,13.3,Full HD / Touchscreen 1920x1080,Intel Core i7 7Y75 1.3GHz,16GB,256GB SSD,Intel HD Graphics 615,Windows 10,1.22kg,1649.0,16,1.22,От 1000 евро
915,Lenovo,ThinkPad X1,Ultrabook,14.0,IPS Panel Full HD 1920x1080,Intel Core i7 7500U 2.7GHz,8GB,256GB Flash Storage,Intel HD Graphics 620,Windows 10,1.13kg,2049.0,8,1.13,От 1000 евро
916,Lenovo,ThinkPad T570,Notebook,15.6,IPS Panel Full HD 1920x1080,Intel Core i5 7200U 2.5GHz,8GB,512GB SSD,Intel HD Graphics 620,Windows 10,1.95kg,1962.99,8,1.95,От 1000 евро
917,LG,Gram 15Z970,Ultrabook,15.6,IPS Panel Full HD / Touchscreen 1920x1080,Intel Core i7 7500U 2.7GHz,16GB,512GB SSD,Intel HD Graphics 620,Windows 10,1.08kg,2099.0,16,1.08,От 1000 евро
918,HP,Elitebook 820,Netbook,12.5,Full HD 1920x1080,Intel Core i7 7500U 2.7GHz,8GB,512GB SSD,Intel HD Graphics 620,Windows 10,1.26kg,1483.0,8,1.26,От 1000 евро
919,Acer,Chromebook CB5-571-C1DZ,Notebook,15.6,IPS Panel Full HD 1920x1080,Intel Celeron Dual Core 3205U 1.5GHz,4GB,16GB Flash Storage,Intel HD Graphics,Chrome OS,2.20kg,359.0,4,2.2,До 1000 евро
920,Lenovo,IdeaPad Y700-15ISK,Notebook,15.6,IPS Panel Full HD 1920x1080,Intel Core i5 6300HQ 2.3GHz,8GB,128GB SSD +  1TB HDD,Nvidia GeForce GTX 960M,Windows 10,2.6kg,789.0,8,2.6,До 1000 евро
922,LG,Gram 14Z970,Ultrabook,14.0,IPS Panel Full HD / Touchscreen 1920x1080,Intel Core i7 7500U 2.7GHz,8GB,512GB SSD,Intel HD Graphics 620,Windows 10,0.98kg,1899.0,8,0.98,От 1000 евро
923,Dell,Latitude 5480,Notebook,14.0,Full HD 1920x1080,Intel Core i5 7440HQ 2.8GHz,8GB,256GB SSD,Intel HD Graphics 620,Windows 10,1.6kg,1205.0,8,1.6,От 1000 евро
924,HP,Elitebook Folio,Ultrabook,12.5,4K Ultra HD / Touchscreen 3840x2160,Intel Core M 6Y75 1.2GHz,8GB,240GB SSD,Intel HD Graphics 515,Windows 10,1.09kg,3100.0,8,1.09,От 1000 евро
925,Lenovo,IdeaPad 510-15IKB,Notebook,15.6,Full HD 1920x1080,Intel Core i7 7500U 2.7GHz,6GB,256GB SSD,Nvidia GeForce 940MX,Windows 10,2.2kg,789.0,6,2.2,До 1000 евро
926,HP,ProBook 450,Notebook,15.6,Full HD 1920x1080,Intel Core i7 7500U 2.7GHz,8GB,256GB SSD,Nvidia GeForce 930MX,Windows 10,2.04kg,1018.99,8,2.04,От 1000 евро
927,Acer,Aspire E5-575,Notebook,15.6,Full HD 1920x1080,Intel Core i3 7100U 2.4GHz,4GB,1TB HDD,Intel HD Graphics 620,Windows 10,2.4kg,499.0,4,2.4,До 1000 евро
928,Lenovo,ThinkPad 13,Notebook,13.3,Full HD 1920x1080,Intel Core i5 7200U 2.5GHz,4GB,128GB SSD,Intel HD Graphics 620,Windows 10,1.44kg,881.0,4,1.44,До 1000 евро
930,HP,Probook 430,Notebook,13.3,Full HD 1920x1080,Intel Core i5 7200U 2.5GHz,8GB,256GB SSD,Intel HD Graphics 620,Windows 10,1.49kg,960.0,8,1.49,До 1000 евро
931,MSI,GE72VR 6RF,Gaming,17.3,Full HD 1920x1080,Intel Core i7 7700HQ 2.8GHz,16GB,256GB SSD +  1TB HDD,Nvidia GeForce GTX 1050 Ti,Windows 10,2.7kg,1599.0,16,2.7,От 1000 евро
932,Dell,Inspiron 7567,Gaming,15.6,Full HD 1920x1080,Intel Core i7 7700HQ 2.8GHz,16GB,128GB SSD +  1TB HDD,Nvidia GeForce GTX 1050 Ti,Windows 10,2.6kg,1349.0,16,2.6,От 1000 евро
933,MSI,GL62M 7RD,Gaming,15.6,Full HD 1920x1080,Intel Core i5 7300HQ 2.5GHz,8GB,128GB SSD +  1TB HDD,Nvidia GeForce GTX 1050,Windows 10,2.2kg,1119.91,8,2.2,От 1000 евро
934,Dell,Vostro 3568,Notebook,15.6,1366x768,Intel Core i5 7200U 2.5GHz,4GB,1TB HDD,AMD Radeon R5 M420,Windows 10,2.18kg,684.99,4,2.18,До 1000 евро
935,HP,EliteBook 850,Ultrabook,15.6,Full HD 1920x1080,Intel Core i7 6500U 2.5GHz,8GB,256GB SSD,AMD Radeon R7 M365X,Windows 10,1.84kg,1296.99,8,1.84,От 1000 евро
936,HP,Envy 13-AB077cl,Ultrabook,13.3,Quad HD+ / Touchscreen 3200x1800,Intel Core i7 7500U 2.7GHz,8GB,256GB SSD,Intel HD Graphics 620,Windows 10,1.39kg,1149.0,8,1.39,От 1000 евро
937,Toshiba,Tecra Z50-C-140,Notebook,15.6,IPS Panel Full HD 1920x1080,Intel Core i7 6600U 2.6GHz,16GB,256GB SSD,Nvidia GeForce 930M,Windows 10,2.4kg,1975.0,16,2.4,От 1000 евро
938,Lenovo,ThinkPad Yoga,2 in 1 Convertible,13.3,IPS Panel Full HD / Touchscreen 1920x1080,Intel Core i5 7200U 2.5GHz,8GB,512GB SSD,Intel HD Graphics 620,Windows 10,1.37kg,1825.0,8,1.37,От 1000 евро
939,Dell,Latitude 3580,Notebook,15.6,1366x768,Intel Core i5 6200U 2.3GHz,4GB,500GB HDD,Intel HD Graphics 520,Windows 10,1.95kg,729.9,4,1.95,До 1000 евро
940,Lenovo,Thinkpad X270,Ultrabook,12.5,IPS Panel Full HD 1920x1080,Intel Core i7 7500U 2.7GHz,8GB,256GB SSD,Intel HD Graphics 620,Windows 10,1.36kg,1650.0,8,1.36,От 1000 евро
941,HP,Probook 650,Notebook,15.6,Full HD 1920x1080,Intel Core i5 6200U 2.3GHz,8GB,256GB SSD,Intel HD Graphics 520,Windows 10,2.31kg,1165.0,8,2.31,От 1000 евро
942,Dell,Vostro 3568,Notebook,15.6,1366x768,Intel Core i5 7200U 2.5GHz,4GB,1TB HDD,Intel HD Graphics 620,Windows 10,2.18kg,708.06,4,2.18,До 1000 евро
943,HP,ProBook 640,Notebook,14.0,1366x768,Intel Core i5 6200U 2.3GHz,4GB,500GB HDD,Intel HD Graphics 520,Windows 10,1.95kg,1149.0,4,1.95,От 1000 евро
944,Lenovo,IdeaPad 320-15IAP,Notebook,15.6,1366x768,Intel Pentium Quad Core N4200 1.1GHz,4GB,1TB HDD,Intel HD Graphics 505,Windows 10,2.2kg,309.0,4,2.2,До 1000 евро
945,HP,EliteBook 820,Ultrabook,12.5,Full HD 1920x1080,Intel Core i5 6200U 2.3GHz,4GB,500GB HDD,Intel HD Graphics 520,Windows 10,1.26kg,1579.0,4,1.26,От 1000 евро
946,HP,250 G6,Notebook,15.6,1366x768,Intel Celeron Dual Core N3060 1.6GHz,4GB,1TB HDD,Intel HD Graphics 400,No OS,1.86kg,288.9,4,1.86,До 1000 евро
947,Lenovo,Yoga 900-13ISK,2 in 1 Convertible,13.3,IPS Panel Quad HD+ / Touchscreen 3200x1800,Intel Core i7 6560U 2.2GHz,16GB,1TB SSD,Intel Iris Graphics 540,Windows 10,1.3kg,1799.0,16,1.3,От 1000 евро
948,Toshiba,Tecra Z40-C-12X,Notebook,14.0,IPS Panel Full HD 1920x1080,Intel Core i5 6200U 2.3GHz,4GB,128GB SSD,Intel HD Graphics 520,Windows 10,1.47kg,1105.0,4,1.47,От 1000 евро
949,HP,EliteBook 820,Netbook,12.5,Full HD 1920x1080,Intel Core i5 6200U 2.3GHz,8GB,256GB SSD,Intel HD Graphics 520,Windows 10,1.26kg,1669.0,8,1.26,От 1000 евро
950,Dell,Vostro 3568,Notebook,15.6,1366x768,Intel Core i3 6006U 2.0GHz,4GB,1TB HDD,Intel HD Graphics 520,Windows 10,2.18kg,558.6,4,2.18,До 1000 евро
951,MSI,GP62M Leopard,Gaming,15.6,Full HD 1920x1080,Intel Core i7 7700HQ 2.8GHz,8GB,128GB SSD +  1TB HDD,Nvidia GeForce GTX 1050,Windows 10,2.2kg,1199.0,8,2.2,От 1000 евро
952,Dell,Latitude 7480,Ultrabook,14.0,Full HD 1920x1080,Intel Core i5 7200U 2.5GHz,8GB,256GB SSD,Intel HD Graphics 620,Windows 10,1.36kg,1639.0,8,1.36,От 1000 евро
953,Dell,Alienware 17,Gaming,17.3,2560x1440,Intel Core i7 6820HK 2.7GHz,16GB,512GB SSD +  1TB HDD,Nvidia GeForce GTX 1080,Windows 10,4.36kg,2758.0,16,4.36,От 1000 евро
954,HP,Omen 17-W006na,Gaming,17.3,IPS Panel Full HD 1920x1080,Intel Core i5 6300HQ 2.3GHz,8GB,128GB SSD +  1TB HDD,Nvidia GeForce GTX 965M,Windows 10,2.75kg,1399.0,8,2.75,От 1000 евро
955,Asus,X751SV-TY001T (N3710/4GB/1TB/GeForce,Notebook,17.3,1600x900,Intel Pentium Quad Core N3710 1.6GHz,4GB,1TB HDD,Nvidia GeForce 920MX,Windows 10,2.8kg,530.0,4,2.8,До 1000 евро
956,Acer,TravelMate P259-G2,Notebook,15.6,1366x768,Intel Core i5 7200U 2.5GHz,4GB,500GB HDD,Intel HD Graphics 620,Windows 10,2.23kg,619.0,4,2.23,До 1000 евро
957,Toshiba,Tecra A50-C-1ZV,Notebook,15.6,1366x768,Intel Core i5 6200U 2.3GHz,8GB,256GB SSD,Intel HD Graphics 520,Windows 10,2.2kg,1119.0,8,2.2,От 1000 евро
958,Lenovo,Yoga 700-11ISK,2 in 1 Convertible,11.3,IPS Panel Full HD / Touchscreen 1920x1080,Intel Core M m7-6Y75 1.2GHz,8GB,256GB SSD,Intel HD Graphics 515,Windows 10,1.1kg,1299.0,8,1.1,От 1000 евро
959,Lenovo,IdeaPad Y700-15ACZ,Gaming,15.6,IPS Panel Full HD 1920x1080,AMD FX 8800P 2.1GHz,16GB,512GB SSD +  1TB HDD,AMD Radeon R9 M385,Windows 10,2.5kg,999.0,16,2.5,До 1000 евро
960,Dell,Latitude 7280,Ultrabook,12.5,Full HD / Touchscreen 1920x1080,Intel Core i5 7200U 2.5GHz,8GB,256GB SSD,Intel HD Graphics,Windows 10,1.36kg,1472.2,8,1.36,От 1000 евро
961,Lenovo,IdeaPad 310-15IKB,Notebook,15.6,Full HD 1920x1080,Intel Core i7 7500U 2.7GHz,8GB,1TB HDD,Nvidia GeForce 920MX,No OS,2.2kg,685.0,8,2.2,До 1000 евро
962,Dell,Insprion 5767,Notebook,17.3,1600x900,Intel Core i3 6006U 2.0GHz,4GB,1TB HDD,AMD Radeon R7 M445,Windows 10,2.36kg,659.0,4,2.36,До 1000 евро
963,Acer,Chromebook 14,Notebook,14.0,1366x768,Intel Celeron Dual Core N3060 1.6GHz,4GB,32GB Flash Storage,Intel HD Graphics 400,Chrome OS,1.68kg,349.0,4,1.68,До 1000 евро
964,HP,ZBook Studio,Workstation,15.6,IPS Panel Full HD 1920x1080,Intel Core i7 6820HQ 2.7GHz,8GB,8GB SSD,Nvidia Quadro M1000M,Windows 10,2.0kg,2249.0,8,2.0,От 1000 евро
965,Dell,Latitude 7480,Ultrabook,14.0,Full HD 1920x1080,Intel Core i7 7600U 2.8GHz,8GB,256GB SSD,Intel HD Graphics 620,Windows 10,1.36kg,1775.0,8,1.36,От 1000 евро
966,Toshiba,Portege Z30-C-1CW,Notebook,13.3,Full HD 1920x1080,Intel Core i5 6200U 2.3GHz,8GB,256GB SSD,Intel HD Graphics 520,Windows 7,1.2kg,1460.0,8,1.2,От 1000 евро
967,Asus,Chromebook Flip,2 in 1 Convertible,12.5,Full HD 1920x1080,Intel Core M M7-6Y75 1.2GHz,8GB,64GB Flash Storage,Intel HD Graphics 515,Chrome OS,1.2kg,1159.0,8,1.2,От 1000 евро
968,Lenovo,Thinkpad T460,Ultrabook,14.0,IPS Panel Full HD 1920x1080,Intel Core i7 6600U 2.6GHz,8GB,256GB SSD,Intel HD Graphics 520,Windows 10,1.7kg,1488.99,8,1.7,От 1000 евро
969,Dell,Alienware 17,Gaming,17.3,IPS Panel 4K Ultra HD 3840x2160,Intel Core i7 7700HQ 2.8GHz,16GB,512GB SSD +  1TB HDD,Nvidia GeForce GTX 1070,Windows 10,4.36kg,3154.0,16,4.36,От 1000 евро
970,Dell,XPS 13,2 in 1 Convertible,13.3,Full HD / Touchscreen 1920x1080,Intel Core i5 7Y54 1.2GHz,8GB,256GB SSD,Intel HD Graphics 615,Windows 10,1.24kg,1899.0,8,1.24,От 1000 евро
971,HP,ProBook x360,2 in 1 Convertible,11.6,Touchscreen 1366x768,Intel Pentium Quad Core N4200 1.1GHz,4GB,256GB SSD,Intel HD Graphics 505,Windows 10,1.45kg,775.0,4,1.45,До 1000 евро
972,Dell,XPS 13,Ultrabook,13.3,Quad HD+ 3200x1800,Intel Core i7 6500U 2.5GHz,8GB,256GB SSD,Intel HD Graphics 520,Windows 10,1.3kg,1268.0,8,1.3,От 1000 евро
973,Acer,Chromebook C738T-C2EJ,2 in 1 Convertible,11.6,IPS Panel Touchscreen 1366x768,Intel Celeron Dual Core N3060 1.6GHz,4GB,32GB Flash Storage,Intel HD Graphics 400,Chrome OS,1.25kg,389.0,4,1.25,До 1000 евро
974,Toshiba,Portege Z30-C-16Z,Notebook,13.3,Full HD 1920x1080,Intel Core i5 6300U 2.4GHz,8GB,256GB SSD,Intel HD Graphics 520,Windows 10,1.2kg,1535.0,8,1.2,От 1000 евро
975,Lenovo,ThinkPad X270,Ultrabook,12.5,IPS Panel Full HD 1920x1080,Intel Core i5 7300U 2.6GHz,8GB,256GB SSD,Intel HD Graphics 620,Windows 10,1.36kg,1760.0,8,1.36,От 1000 евро
976,Acer,Aspire F5-573G-510L,Notebook,15.6,Full HD 1920x1080,Intel Core i5 7200U 2.5GHz,12GB,128GB SSD +  1TB HDD,Nvidia GeForce GTX 950M,Windows 10,2.4kg,1009.0,12,2.4,От 1000 евро
977,Toshiba,Portege X20W-D-10V,Ultrabook,12.5,Full HD / Touchscreen 1920x1080,Intel Core i7 7500U 2.7GHz,8GB,512GB SSD,Intel HD Graphics 620,Windows 10,1.1kg,1790.0,8,1.1,От 1000 евро
978,HP,ProBook 450,Notebook,15.6,1366x768,Intel Core i5 7200U 2.50GHz,8GB,1TB HDD,Nvidia GeForce 930MX,Windows 10,2.04kg,846.5,8,2.04,До 1000 евро
979,Dell,Inspiron 3567,Notebook,15.6,1366x768,Intel Core i3 6006U 2.0GHz,4GB,1TB HDD,AMD Radeon R5 M430,Linux,2.25kg,465.62,4,2.25,До 1000 евро
980,Dell,Latitude 5580,Notebook,15.6,1366x768,Intel Core i5 7200U 2.5GHz,4GB,500GB HDD,Intel HD Graphics 620,Windows 10,1.9kg,825.0,4,1.9,До 1000 евро
981,HP,ProBook 450,Notebook,15.6,Full HD 1920x1080,Intel Core i3 7100U 2.4GHz,4GB,500GB HDD,Intel HD Graphics 620,Windows 10,2.04kg,685.0,4,2.04,До 1000 евро
982,Dell,Alienware 17,Gaming,17.3,IPS Panel Full HD 1920x1080,Intel Core i7 7700HQ 2.8GHz,32GB,256GB SSD +  1TB HDD,Nvidia GeForce GTX 1070,Windows 10,4.42kg,3149.0,32,4.42,От 1000 евро
983,Lenovo,IdeaPad 310-15IKB,Notebook,15.6,Full HD 1920x1080,Intel Core i5 7200U 2.5GHz,6GB,256GB SSD,Nvidia GeForce 920MX,Windows 10,2.4kg,695.0,6,2.4,До 1000 евро
984,Dell,XPS 13,2 in 1 Convertible,13.3,Quad HD+ / Touchscreen 3200x1800,Intel Core i7 7Y75 1.3GHz,16GB,512GB SSD,Intel HD Graphics 615,Windows 10,1.22kg,1899.0,16,1.22,От 1000 евро
985,Dell,Latitude E7470,Ultrabook,14.0,Touchscreen 2560x1440,Intel Core i7 6600U 2.6GHz,8GB,256GB SSD,Intel HD Graphics 520,Windows 10,1.5kg,1962.98,8,1.5,От 1000 евро
986,Dell,Alienware 17,Gaming,17.3,Full HD 1920x1080,Intel Core i7 6700HQ 2.6GHz,32GB,256GB SSD +  1TB HDD,Nvidia GeForce GTX 1070,Windows 10,4.42kg,2800.0,32,4.42,От 1000 евро
987,Toshiba,Tecra A40-C-1DF,Notebook,14.0,Full HD 1920x1080,Intel Core i5 6200U 2.3GHz,8GB,256GB SSD,Intel HD Graphics 520,Windows 10,1.95kg,1180.0,8,1.95,От 1000 евро
988,Asus,Rog Strix,Gaming,17.3,Full HD 1920x1080,Intel Core i7 7700HQ 2.8GHz,16GB,256GB SSD +  1TB HDD,Nvidia GeForce GTX 1060,Windows 10,2.73kg,2049.9,16,2.73,От 1000 евро
989,HP,Probook 450,Notebook,15.6,IPS Panel Full HD 1920x1080,Intel Core i5 7200U 2.70GHz,8GB,128GB SSD +  1TB HDD,Nvidia GeForce 930MX,Windows 10,2.04kg,979.0,8,2.04,До 1000 евро
990,Lenovo,ThinkPad T460,Notebook,14.0,1366x768,Intel Core i5 6200U 2.3GHz,4GB,508GB Hybrid,Intel HD Graphics 520,Windows 7,1.70kg,1002.0,4,1.7,От 1000 евро
991,Asus,Q534UX-BHI7T19 (i7-7500U/16GB/2TB,2 in 1 Convertible,15.6,4K Ultra HD / Touchscreen 3840x2160,Intel Core i7 7500U 2.7GHz,16GB,512GB SSD +  2TB HDD,Nvidia GeForce GTX 950M,Windows 10,2.3kg,1799.0,16,2.3,От 1000 евро
992,HP,15-bs053od (i7-7500U/6GB/1TB/W10),Notebook,15.6,1366x768,Intel Core i7 7500U 2.7GHz,6GB,1TB HDD,Intel HD Graphics 620,Windows 10,2.04kg,579.0,6,2.04,До 1000 евро
993,Asus,Rog GL753VE-DS74,Gaming,17.3,Full HD 1920x1080,Intel Core i7 7700HQ 2.8GHz,16GB,256GB SSD +  1TB HDD,Nvidia GeForce GTX 1050 Ti,Windows 10,2.99kg,1749.0,16,2.99,От 1000 евро
994,Dell,Inspiron 7579,2 in 1 Convertible,15.6,IPS Panel Full HD / Touchscreen 1920x1080,Intel Core i7 7500U 2.7GHz,12GB,512GB SSD,Intel HD Graphics 620,Windows 10,2.19kg,1299.0,12,2.19,От 1000 евро
995,Toshiba,Portege Z30-C-1CV,Notebook,13.3,Full HD 1920x1080,Intel Core i5 6200U 2.3GHz,4GB,128GB SSD,Intel HD Graphics 520,Windows 7,1.2kg,1195.0,4,1.2,От 1000 евро
996,Lenovo,IdeaPad 320-15ABR,Notebook,15.6,Full HD 1920x1080,AMD A12-Series 9720P 3.6GHz,6GB,256GB SSD,AMD Radeon 530,Windows 10,2.2kg,549.0,6,2.2,До 1000 евро
997,Fujitsu,LifeBook A556,Notebook,15.6,1366x768,Intel Core i5 6200U 2.3GHz,4GB,256GB SSD,Intel HD Graphics 520,Windows 10,2.3kg,649.0,4,2.3,До 1000 евро
998,Toshiba,Tecra A40-C-1KF,Notebook,14.0,1366x768,Intel Core i5 6200U 2.3GHz,4GB,500GB HDD,Intel HD Graphics 520,Windows 10,1.75kg,915.0,4,1.75,До 1000 евро
999,Dell,Inspiron 3567,Notebook,15.6,1366x768,Intel Core i5 7200U 2.5GHz,4GB,500GB HDD,AMD Radeon R5 M430,Windows 10,2.25kg,599.0,4,2.25,До 1000 евро
1000,HP,Probook 450,Notebook,15.6,Full HD 1920x1080,Intel Core i5 7200U 2.5GHz,8GB,1TB HDD,Intel HD Graphics 620,Windows 10,2.04kg,806.0,8,2.04,До 1000 евро
1001,Lenovo,Legion Y520-15IKBN,Gaming,15.6,IPS Panel Full HD 1920x1080,Intel Core i7 7700HQ 2.8GHz,8GB,128GB SSD +  1TB HDD,Nvidia GeForce GTX 1060,Windows 10,2.5kg,1189.0,8,2.5,От 1000 евро
1002,Dell,Inspiron 5567,Notebook,15.6,1366x768,Intel Core i7 7500U 2.7GHz,8GB,1TB HDD,AMD Radeon R7 M445,Windows 10,2.36kg,749.0,8,2.36,До 1000 евро
1003,Dell,Latitude 5480,Notebook,14.0,Full HD 1920x1080,Intel Core i5 7200U 2.5GHz,8GB,128GB SSD,Intel HD Graphics 620 ,Windows 10,1.6kg,1119.0,8,1.6,От 1000 евро
1004,HP,EliteBook Folio,Netbook,12.5,Full HD 1920x1080,Intel Core M 6Y75 1.2GHz,8GB,512GB SSD,Intel HD Graphics 515,Windows 10,0.97kg,1908.0,8,0.97,От 1000 евро
1005,HP,15-bs005nv (i3-6006U/4GB/1TB,Notebook,15.6,Full HD 1920x1080,Intel Core i3 6006U 2GHz,4GB,128GB SSD +  1TB HDD,AMD Radeon 520,Windows 10,2.1kg,499.0,4,2.1,До 1000 евро
1006,Lenovo,V110-15IAP (N3350/4GB/128GB/No,Notebook,15.6,1366x768,Intel Celeron Dual Core N3350 1.1GHz,4GB,128GB SSD,Intel HD Graphics 500,No OS,1.9kg,270.62,4,1.9,До 1000 евро
1007,Lenovo,ThinkPad T560,Notebook,15.6,Full HD 1920x1080,Intel Core i5 6200U 2.3GHz,8GB,256GB SSD,Intel HD Graphics 520,Windows 10,2.3kg,1349.0,8,2.3,От 1000 евро
1008,Dell,Inspiron 5378,2 in 1 Convertible,13.3,Full HD / Touchscreen 1920x1080,Intel Core i5 7200U 2.5GHz,8GB,256GB SSD,Intel HD Graphics 620,Windows 10,1.68kg,889.0,8,1.68,До 1000 евро
1009,Asus,ZenBook UX310UA-FB485T,Notebook,13.3,Quad HD+ 3200x1800,Intel Core i5 7200U 2.5GHz,8GB,256GB SSD,Intel HD Graphics 620,Windows 10,1.4kg,1150.0,8,1.4,От 1000 евро
1010,HP,Spectre 13-V111dx,Ultrabook,13.3,IPS Panel Full HD / Touchscreen 1920x1080,Intel Core i7 7500U 2.7GHz,8GB,256GB SSD,Intel HD Graphics 620,Windows 10,1.11kg,1349.0,8,1.11,От 1000 евро
1011,Acer,Aspire ES1-533,Notebook,15.6,1366x768,Intel Pentium Quad Core N4200 1.1GHz,4GB,500GB HDD,Intel HD Graphics 505,Windows 10,2.4kg,380.0,4,2.4,До 1000 евро
1012,Asus,Rog GL553VE-DS74,Gaming,15.6,Full HD 1920x1080,Intel Core i7 7700HQ 2.8GHz,16GB,256GB SSD +  1TB HDD,Nvidia GeForce GTX 1050 Ti,Windows 10,2.5kg,1799.0,16,2.5,От 1000 евро
1013,HP,EliteBook 840,Ultrabook,14.0,Full HD 1920x1080,Intel Core i7 7500U 2.7GHz,8GB,512GB SSD,Intel HD Graphics 620,Windows 10,1.48kg,2089.0,8,1.48,От 1000 евро
1014,Acer,Nitro 5,Gaming,15.6,IPS Panel Full HD 1920x1080,Intel Core i7 7700HQ 2.8GHz,8GB,128GB SSD +  1TB HDD,Nvidia GeForce GTX 1050,Windows 10,2.7kg,1260.0,8,2.7,От 1000 евро
1015,HP,ENVY -,Notebook,13.3,IPS Panel Full HD 1920x1080,Intel Core i5 7200U 2.5GHz,8GB,256GB SSD,Intel HD Graphics 620,Windows 10,1.34kg,1189.0,8,1.34,От 1000 евро
1016,Dell,Vostro 3568,Notebook,15.6,1366x768,Intel Core i3 7100U 2.4GHz,4GB,128GB SSD,Intel HD Graphics 620,Windows 10,2.18kg,547.0,4,2.18,До 1000 евро
1017,HP,Probook 440,Notebook,14.0,1366x768,Intel Core i5 7200U 2.5GHz,4GB,500GB HDD,Intel HD Graphics 620,Windows 10,1.64kg,779.0,4,1.64,До 1000 евро
1018,Toshiba,Portege Z30-C-16H,Notebook,13.3,Full HD 1920x1080,Intel Core i5 6200U 2.3GHz,4GB,128GB SSD,Intel HD Graphics 520,Windows 10,1.2kg,1195.0,4,1.2,От 1000 евро
1019,HP,EliteBook 840,Notebook,14.0,1366x768,Intel Core i5 6300U 2.4GHz,4GB,256GB SSD,Intel HD Graphics 520,Windows 10,1.48kg,1099.99,4,1.48,От 1000 евро
1020,HP,ProBook 640,Notebook,14.0,Full HD 1920x1080,Intel Core i5 7200U 2.5GHz,4GB,256GB SSD,Intel HD Graphics 620,Windows 10,1.95kg,1205.0,4,1.95,От 1000 евро
1021,HP,EliteBook 1040,Ultrabook,14.0,Full HD 1920x1080,Intel Core i7 6600U 2.6GHz,8GB,256GB SSD,Intel HD Graphics 520,Windows 7,1.43kg,1449.0,8,1.43,От 1000 евро
1022,HP,ProBook 440,Notebook,14.0,Full HD 1920x1080,Intel Core i5 7200U 2.5GHz,8GB,256GB SSD,Nvidia GeForce 930MX,Windows 10,1.64kg,1049.26,8,1.64,От 1000 евро
1023,HP,Probook 440,Notebook,14.0,1366x768,Intel Core i3 7100U 2.4GHz,4GB,500GB HDD,Intel HD Graphics 620,Windows 10,1.64kg,684.0,4,1.64,До 1000 евро
1024,Dell,Inspiron 7567,Gaming,15.6,Full HD 1920x1080,Intel Core i5 7300HQ 2.5GHz,8GB,1.0TB Hybrid,Nvidia GeForce GTX 1050,Windows 10,2.65kg,949.0,8,2.65,До 1000 евро
1025,HP,EliteBook 820,Ultrabook,12.5,Full HD 1920x1080,Intel Core i5 7200U 2.5GHz,4GB,500GB HDD,Intel HD Graphics 620,Windows 10,1.26kg,1539.0,4,1.26,От 1000 евро
1026,HP,Elitebook 840,Notebook,14.0,Full HD 1920x1080,Intel Core i5 7200U 2.5GHz,4GB,256GB SSD,Intel HD Graphics 620,Windows 10,1.48kg,1590.0,4,1.48,От 1000 евро
1027,HP,EliteBook 840,Ultrabook,14.0,Full HD 1920x1080,Intel Core i7 6500U 2.5GHz,8GB,256GB SSD,Intel HD Graphics 520,Windows 10,1.54kg,1887.21,8,1.54,От 1000 евро
1028,HP,Probook 430,Notebook,13.3,1366x768,Intel Core i3 7100U 2.4GHz,4GB,500GB HDD,Intel HD Graphics 620,Windows 10,1.49kg,800.0,4,1.49,До 1000 евро
1029,Toshiba,Portege A30-C-1CZ,Notebook,13.3,1366x768,Intel Core i5 6200U 2.3GHz,8GB,256GB SSD,Intel HD Graphics 520,Windows 10,1.5kg,1210.0,8,1.5,От 1000 евро
1030,HP,ProBook 450,Notebook,15.6,1366x768,Intel Core i3 7100U 2.4GHz,4GB,256GB SSD,Intel HD Graphics 620,Windows 10,2.04kg,769.99,4,2.04,До 1000 евро
1031,Lenovo,ThinkPad P70,Notebook,17.3,IPS Panel 4K Ultra HD 3840x2160,Intel Core i7 6820HQ 2.7GHz,16GB,512GB SSD,Nvidia Quadro 3000M,Windows 7,2.4kg,2968.0,16,2.4,От 1000 евро
1032,Toshiba,Tecra Z40-C-12Z,Notebook,14.0,IPS Panel Full HD 1920x1080,Intel Core i5 6200U 2.3GHz,8GB,256GB SSD,Intel HD Graphics 520,Windows 10,1.47kg,1490.0,8,1.47,От 1000 евро
1033,HP,EliteBook 1040,Notebook,14.0,Full HD 1920x1080,Intel Core i7 6500U 2.5GHz,8GB,256GB SSD,Intel HD Graphics 520,Windows 10,1.43kg,2229.0,8,1.43,От 1000 евро
1034,Dell,Inspiron 5568,2 in 1 Convertible,15.6,IPS Panel Full HD / Touchscreen 1920x1080,Intel Core i3 6100U 2.3GHz,4GB,1TB HDD,Intel HD Graphics 520,Windows 10,2.08kg,795.99,4,2.08,До 1000 евро
1035,Toshiba,Portйgй Z30-C-16K,Ultrabook,13.3,Full HD 1920x1080,Intel Core i5 6200U 2.3GHz,8GB,256GB SSD,Intel HD Graphics 520,Windows 10,1.2kg,1590.0,8,1.2,От 1000 евро
1036,HP,Spectre 13-V100nv,Notebook,13.3,IPS Panel Full HD 1920x1080,Intel Core i5 7200U 2.5GHz,8GB,256GB SSD,Intel HD Graphics 620,Windows 10,1.11kg,1149.0,8,1.11,От 1000 евро
1037,HP,ProBook 440,Notebook,14.0,Full HD 1920x1080,Intel Core i7 7500U 2.7GHz,8GB,256GB SSD,Nvidia GeForce 930MX,Windows 10,1.64kg,1185.43,8,1.64,От 1000 евро
1038,Dell,Latitude E5570,Notebook,15.6,Full HD 1920x1080,Intel Core i5 6300U 2.4GHz,8GB,500GB HDD,Intel HD Graphics 520,Windows 10,2.09kg,1046.44,8,2.09,От 1000 евро
1039,HP,Elitebook 820,Ultrabook,12.5,1366x768,Intel Core i5 7200U 2.5GHz,4GB,256GB SSD,Intel HD Graphics 620,Windows 10,1.26kg,1559.0,4,1.26,От 1000 евро
1040,HP,ProBook 650,Notebook,14.0,1366x768,Intel Core i5 7200U 2.5GHz,4GB,500GB HDD,Intel HD Graphics 620,Windows 10,2.31kg,1189.0,4,2.31,От 1000 евро
1041,HP,ProBook 640,Notebook,14.0,1366x768,Intel Core i5 7200U 2.5GHz,4GB,500GB HDD,Intel HD Graphics 620,Windows 10,1.95kg,1060.0,4,1.95,От 1000 евро
1042,Dell,XPS 13,Ultrabook,13.3,Quad HD+ / Touchscreen 3200x1800,Intel Core i5 7200U 2.5GHz,8GB,256GB SSD,Intel HD Graphics 620,Windows 10,1.29kg,1624.0,8,1.29,От 1000 евро
1043,HP,Probook 470,Notebook,17.3,Full HD 1920x1080,Intel Core i5 7200U 2.5GHz,8GB,256GB SSD,Nvidia GeForce 930MX,Windows 10,2.63kg,1080.0,8,2.63,От 1000 евро
1044,HP,ProBook 440,Notebook,14.0,1366x768,Intel Core i5 7200U 2.5GHz,4GB,256GB SSD,Intel HD Graphics 620,Windows 10,1.64kg,973.0,4,1.64,До 1000 евро
1045,Acer,Aspire 3,Notebook,15.6,1366x768,AMD A9-Series 9420 3GHz,6GB,1TB HDD,AMD Radeon R5,Windows 10,2.1kg,409.0,6,2.1,До 1000 евро
1046,MSI,GL72M 7RDX,Gaming,17.3,Full HD 1920x1080,Intel Core i7 7700HQ 2.8GHz,8GB,128GB SSD +  1TB HDD,Nvidia GeForce GTX 1050,Windows 10,2.7kg,1191.8,8,2.7,От 1000 евро
1047,HP,Probook 640,Notebook,14.0,Full HD 1920x1080,Intel Core i5 6200U 2.3GHz,8GB,256GB SSD,Intel HD Graphics 520,Windows 7,1.95kg,1195.0,8,1.95,От 1000 евро
1048,HP,EliteBook 850,Notebook,15.6,Full HD 1920x1080,Intel Core i7 6500U 2.5GHz,8GB,256GB SSD,Intel HD Graphics 520,Windows 10,1.84kg,1228.99,8,1.84,От 1000 евро
1049,HP,EliteBook 820,Ultrabook,12.5,Full HD 1920x1080,Intel Core i7 6500U 2.5GHz,8GB,256GB SSD,Intel HD Graphics 520,Windows 10,1.26kg,1349.0,8,1.26,От 1000 евро
1050,HP,ProBook 450,Notebook,15.6,1366x768,Intel Core i5 7200U 2.5GHz,4GB,500GB HDD,Intel HD Graphics 620,Windows 10,2.04kg,742.0,4,2.04,До 1000 евро
1051,Toshiba,Tecra Z40-C-136,Ultrabook,14.0,IPS Panel Full HD 1920x1080,Intel Core i7 6600U 2.6GHz,8GB,256GB SSD,Intel HD Graphics 520,Windows 10,1.47kg,1725.0,8,1.47,От 1000 евро
1052,Dell,Latitude E5570,Notebook,15.6,Full HD 1920x1080,Intel Core i5 6300U 2.4GHz,8GB,256GB SSD,Intel HD Graphics 520,Windows 7,2.09kg,1062.95,8,2.09,От 1000 евро
1053,HP,ProBook 440,Notebook,14.0,Full HD 1920x1080,Intel Core i5 7200U 2.5GHz,8GB,256GB SSD,Intel HD Graphics 620,Windows 10,1.64kg,1010.51,8,1.64,От 1000 евро
1054,Lenovo,Yoga 500-15ISK,2 in 1 Convertible,15.6,IPS Panel Full HD / Touchscreen 1920x1080,Intel Core i7 6500U 2.5GHz,4GB,256GB SSD,Intel HD Graphics 520,Windows 10,1.8kg,847.0,4,1.8,До 1000 евро
1055,Vero,V142 (X5-Z8350/2GB/32GB/W10),Notebook,14.0,1366x768,Intel Atom X5-Z8350 1.44GHz,2GB,32GB Flash Storage,Intel HD Graphics 400,Windows 10,1.45kg,210.8,2,1.45,До 1000 евро
1056,Toshiba,Tecra A50-C-218,Notebook,15.6,IPS Panel Full HD 1920x1080,Intel Core i7 6500U 2.5GHz,16GB,256GB SSD,Nvidia GeForce 930M,Windows 10,2.4kg,1425.0,16,2.4,От 1000 евро
1057,Lenovo,Thinkpad L560,Notebook,15.6,Full HD 1920x1080,Intel Core i5 6200U 2.3GHz,8GB,256GB SSD,Intel HD Graphics 520,Windows 10,2.3kg,1049.6,8,2.3,От 1000 евро
1058,HP,EliteBook 840,Notebook,14.0,Full HD 1920x1080,Intel Core i5 6200U 2.3GHz,4GB,500GB HDD,Intel HD Graphics 520,Windows 10,1.54kg,1000.0,4,1.54,От 1000 евро
1059,HP,EliteBook 850,Notebook,15.6,Full HD 1920x1080,Intel Core i5 6300U 2.4GHz,8GB,256GB SSD +  500GB HDD,Intel HD Graphics 520,Windows 10,1.84kg,2103.34,8,1.84,От 1000 евро
1060,HP,EliteBook 1040,Notebook,14.0,Full HD 1920x1080,Intel Core i5 6200U 2.3GHz,8GB,256GB SSD,Intel HD Graphics 520,Windows 7,1.43kg,1469.0,8,1.43,От 1000 евро
1061,MSI,GT72S Dominator,Gaming,17.3,IPS Panel Full HD 1920x1080,Intel Core i7 6820HK 2.7GHz,16GB,256GB SSD +  1TB HDD,Nvidia GeForce GTX 980M,Windows 10,3.78kg,1545.64,16,3.78,От 1000 евро
1062,Lenovo,IdeaPad Y900-17ISK,Gaming,17.3,IPS Panel Full HD 1920x1080,Intel Core i7 6700HQ 2.6GHz,16GB,128GB SSD +  1TB HDD,Nvidia GeForce GTX 980M,Windows 10,4.6kg,2289.99,16,4.6,От 1000 евро
1063,Asus,Chromebook C202SA,Netbook,11.6,1366x768,Intel Celeron Dual Core N3060 1.6GHz,4GB,16GB Flash Storage,Intel HD Graphics 400,Chrome OS,1.2kg,287.9,4,1.2,До 1000 евро
1064,Lenovo,ThinkPad X1,Notebook,14.0,IPS Panel 2560x1440,Intel Core i7 6600U 2.6GHz,16GB,256GB SSD,Intel HD Graphics 520,Windows 7,1.1kg,2620.0,16,1.1,От 1000 евро
1065,HP,Noteb Pav,Notebook,15.6,IPS Panel Full HD 1920x1080,Intel Core i7 7500U 2.7GHz,8GB,1TB HDD,Nvidia GeForce 940MX,Windows 10,1.91kg,979.0,8,1.91,До 1000 евро
1066,Dell,Inspiron 5578,2 in 1 Convertible,15.6,IPS Panel Full HD / Touchscreen 1920x1080,Intel Core i5 7200U 2.7GHz,8GB,256GB SSD,Intel HD Graphics 620,Windows 10,2.3kg,1094.0,8,2.3,От 1000 евро
1067,HP,ProBook 450,Notebook,15.6,1366x768,Intel Core i5 7200U 2.5GHz,4GB,256GB SSD,Intel HD Graphics 620,Windows 10,2.04kg,979.0,4,2.04,До 1000 евро
1068,Dell,XPS 13,Ultrabook,13.3,Quad HD+ / Touchscreen 3200x1800,Intel Core i7 7500U 2.7GHz,16GB,1TB SSD,Intel HD Graphics 620,Windows 10,1.2kg,2254.0,16,1.2,От 1000 евро
1069,HP,ProBook 650,Notebook,15.6,1366x768,Intel Core i3 6100U 2.3GHz,4GB,500GB HDD,Intel HD Graphics 520,Windows 10,2.31kg,705.15,4,2.31,До 1000 евро
1070,HP,250 G5,Notebook,15.6,1366x768,Intel Core i5 7200U 2.5GHz,4GB,500GB HDD,Intel HD Graphics 620,No OS,1.96kg,499.0,4,1.96,До 1000 евро
1071,Acer,Aspire ES1-523,Notebook,15.6,1366x768,AMD A8-Series 7410 2.2GHz,8GB,1TB HDD,AMD Radeon R5,Windows 10,2.4kg,449.0,8,2.4,До 1000 евро
1072,Dell,Inspiron 7378,2 in 1 Convertible,13.3,IPS Panel Full HD / Touchscreen 1920x1080,Intel Core i7 7500U 2.7GHz,12GB,256GB SSD,Intel HD Graphics 620,Windows 10,1.6kg,1299.0,12,1.6,От 1000 евро
1073,MSI,GT62VR 6RD,Gaming,15.6,Full HD 1920x1080,Intel Core i7 6700HQ 2.6GHz,16GB,256GB SSD +  1TB HDD,Nvidia GeForce GTX 1060,Windows 10,2.94kg,1819.0,16,2.94,От 1000 евро
1074,HP,ProBook 450,Notebook,15.6,Full HD 1920x1080,Intel Core i7 7500U 2.7GHz,8GB,256GB SSD,Intel HD Graphics 620,Windows 10,2.04kg,1070.0,8,2.04,От 1000 евро
1075,Asus,Rog G752VL-GC088D,Gaming,17.3,IPS Panel Full HD 1920x1080,Intel Core i7 6700HQ 2.6GHz,16GB,1TB HDD,Nvidia GeForce GTX 965M,No OS,4kg,998.0,16,4.0,До 1000 евро
1076,Dell,Inspiron 3567,Notebook,15.6,Full HD 1920x1080,Intel Core i5 7200U 2.5GHz,4GB,1TB HDD,Intel HD Graphics,Windows 10,2.25kg,559.0,4,2.25,До 1000 евро
1077,Dell,Inspiron 5567,Notebook,15.6,Full HD 1920x1080,Intel Core i7 7500U 2.7GHz,16GB,2TB HDD,AMD Radeon R7 M445,Windows 10,2.32kg,989.99,16,2.32,До 1000 евро
1079,MSI,GS63VR 6RF,Gaming,15.6,Full HD 1920x1080,Intel Core i7 6700HQ 2.6GHz,16GB,256GB SSD +  1TB HDD,Nvidia GeForce GTX 1060,Windows 10,1.8kg,1929.0,16,1.8,От 1000 евро
1080,Dell,XPS 13,Ultrabook,13.3,Full HD 1920x1080,Intel Core i7 7500U 2.7GHz,8GB,256GB SSD,Intel HD Graphics 620,Windows 10,1.29kg,1458.0,8,1.29,От 1000 евро
1081,Asus,ROG G701VO,Gaming,17.3,IPS Panel Full HD 1920x1080,Intel Core i7 6820HK 2.7GHz,64GB,1TB SSD,Nvidia GeForce GTX 980 ,Windows 10,3.58kg,3975.0,64,3.58,От 1000 евро
1082,Dell,Inspiron 5368,2 in 1 Convertible,13.3,Full HD / Touchscreen 1920x1080,Intel Core i7 6500U 2.5GHz,8GB,256GB SSD,Intel HD Graphics 520,Windows 10,1.62kg,798.01,8,1.62,До 1000 евро
1083,Dell,Alienware 15,Gaming,15.6,4K Ultra HD 3840x2160,Intel Core i7 6700HQ 2.6GHz,16GB,256GB SSD +  1TB HDD,Nvidia GeForce GTX 970M,Windows 10,3.21kg,1329.0,16,3.21,От 1000 евро
1084,Apple,"MacBook 12""",Ultrabook,12.0,IPS Panel Retina Display 2304x1440,Intel Core M 1.1GHz,8GB,256GB Flash Storage,Intel HD Graphics 515,Mac OS X,0.920kg,1300.0,8,0.92,От 1000 евро
1085,Dell,Latitude 3570,Notebook,15.6,1366x768,Intel Core i3 6100U 2.3GHz,4GB,500GB HDD,Intel HD Graphics 520,Windows 10,2.06kg,481.98,4,2.06,До 1000 евро
1086,HP,ProBook 650,Notebook,15.6,1366x768,Intel Core i5 6200U 2.3GHz,4GB,500GB HDD,Intel HD Graphics 520,Windows 10,2.31kg,1199.0,4,2.31,От 1000 евро
1087,HP,EliteBook 820,Ultrabook,12.5,Full HD 1920x1080,Intel Core i5 6200U 2.3GHz,8GB,256GB SSD,Intel HD Graphics 520,Windows 7,1.26kg,1199.0,8,1.26,От 1000 евро
1088,HP,ProBook 430,Notebook,13.3,Full HD 1920x1080,Intel Core i7 7500U 2.7GHz,8GB,256GB SSD,Intel HD Graphics 620,Windows 10,1.49kg,1090.0,8,1.49,От 1000 евро
1089,Lenovo,ThinkPad Yoga,Ultrabook,12.5,IPS Panel Full HD / Touchscreen 1920x1080,Intel Core i7 6500U 2.5GHz,8GB,256GB SSD,Intel HD Graphics 520,Windows 10,1.3kg,1713.49,8,1.3,От 1000 евро
1090,Lenovo,IdeaPad 300-17ISK,Notebook,17.3,1600x900,Intel Core i5 6200U 2.3GHz,8GB,1.0TB HDD,AMD Radeon R5 M330,Windows 10,3.0kg,659.0,8,3.0,До 1000 евро
1091,Lenovo,Ideapad 700-15ISK,Notebook,15.6,IPS Panel Full HD 1920x1080,Intel Core i5 6300HQ 2.3GHz,4GB,1TB HDD,Nvidia GeForce GTX 950M,Windows 10,2.3kg,977.0,4,2.3,До 1000 евро
1092,MSI,GT72VR Dominator,Gaming,17.3,Full HD 1920x1080,Intel Core i7 7700HQ 2.8GHz,16GB,256GB SSD +  1TB HDD,Nvidia GeForce GTX 1070,Windows 10,3.78kg,2499.0,16,3.78,От 1000 евро
1093,Lenovo,V110-15ISK (i5-6200U/4GB/500GB/W10),Notebook,15.6,1366x768,Intel Core i5 6200U 2.3GHz,4GB,500GB HDD,Intel HD Graphics 520,Windows 10,2.1kg,540.0,4,2.1,До 1000 евро
1094,HP,Probook 650,Notebook,15.6,Full HD 1920x1080,Intel Core i5 6200U 2.3GHz,4GB,500GB HDD,Intel HD Graphics 520,Windows 7,2.31kg,940.0,4,2.31,До 1000 евро
1095,Lenovo,Yoga 900S-12ISK,Ultrabook,12.5,IPS Panel Touchscreen 2560x1440,Intel Core M 6Y75 1.2GHz,8GB,512GB SSD,Intel HD Graphics 515,Windows 10,0.99kg,1399.0,8,0.99,От 1000 евро
1096,Lenovo,IdeaPad Y900-17ISK,Gaming,17.3,IPS Panel Full HD 1920x1080,Intel Core i7 6820HK 2.7GHz,32GB,512GB SSD +  1.0TB Hybrid,Nvidia GeForce GTX 980M,Windows 10,4.6kg,3240.0,32,4.6,От 1000 евро
1097,Lenovo,Yoga Book,2 in 1 Convertible,10.1,IPS Panel Touchscreen 1920x1200,Intel Atom x5-Z8550 1.44GHz,4GB,64GB Flash Storage,Intel HD Graphics 400,Windows 10,0.69kg,646.27,4,0.69,До 1000 евро
1098,HP,Spectre x360,Ultrabook,13.3,IPS Panel 4K Ultra HD 3840x2160,Intel Core i7 7500U 2.7GHz,16GB,512GB SSD,Intel HD Graphics 620,Windows 10,1.3kg,2049.0,16,1.3,От 1000 евро
1099,Dell,Vostro 3568,Notebook,15.6,Full HD 1920x1080,Intel Core i5 7200U 2.5GHz,8GB,256GB SSD,Intel HD Graphics 620,Windows 10,2.18kg,750.0,8,2.18,До 1000 евро
1100,HP,EliteBook 840,Notebook,14.0,Full HD 1920x1080,Intel Core i5 6200U 2.3GHz,4GB,500GB HDD,Intel HD Graphics 520,Windows 7,1.54kg,1030.99,4,1.54,От 1000 евро
1101,HP,ZBook 15u,Workstation,15.6,Full HD 1920x1080,Intel Core i7 6500U 2.5GHz,8GB,256GB SSD,AMD FirePro W4190M,Windows 7,1.9kg,1495.0,8,1.9,От 1000 евро
1102,Lenovo,ThinkPad T460,Notebook,14.0,Full HD 1920x1080,Intel Core i5 6200U 2.3GHz,8GB,180GB SSD,Intel HD Graphics 520,Windows 7,1.7kg,1199.0,8,1.7,От 1000 евро
1103,HP,Chromebook 13,Notebook,13.3,Quad HD+ 3200x1800,Intel Pentium Dual Core 4405Y 1.5GHz,4GB,32GB Flash Storage,Intel HD Graphics 515,Chrome OS,1.29kg,615.0,4,1.29,До 1000 евро
1104,Acer,Aspire ES1-523,Notebook,15.6,1366x768,AMD A8-Series 7410 2.2GHz,4GB,500GB HDD,AMD Radeon R5,Windows 10,2.4kg,387.0,4,2.4,До 1000 евро
1105,Dell,Inspiron 3552,Notebook,15.6,1366x768,Intel Pentium Quad Core N3700 1.6GHz,4GB,500GB HDD,Intel HD Graphics,Linux,2.2kg,393.49,4,2.2,До 1000 евро
1106,HP,250 G6,Notebook,15.6,1366x768,Intel Core i3 6006U 2GHz,4GB,1TB HDD,Intel HD Graphics 520,No OS,1.86kg,345.99,4,1.86,До 1000 евро
1107,Asus,Rog GL702VM-GC354T,Gaming,17.3,IPS Panel Full HD 1920x1080,Intel Core i7 7700HQ 2.8GHz,8GB,256GB SSD +  1TB HDD,Nvidia GeForce GTX 1060,Windows 10,2.7kg,1599.0,8,2.7,От 1000 евро
1108,Dell,Inspiron 5370,Ultrabook,13.3,IPS Panel Full HD 1920x1080,Intel Core i5 8250U 1.6GHz,4GB,256GB SSD,AMD Radeon 530,Windows 10,1.4kg,818.35,4,1.4,До 1000 евро
1109,HP,Elitebook 820,Netbook,12.5,1366x768,Intel Core i5 6200U 2.3GHz,4GB,128GB SSD,Intel HD Graphics 520,Windows 7,2.4kg,1599.0,4,2.4,От 1000 евро
1110,Acer,Aspire F5-573G,Notebook,15.6,Full HD 1920x1080,Intel Core i5 7200U 2.5GHz,8GB,256GB SSD +  1TB HDD,Nvidia GeForce GTX 950M,Windows 10,2.4kg,799.0,8,2.4,До 1000 евро
1111,Dell,Inspiron 5567,Notebook,15.6,Full HD 1920x1080,Intel Core i5 7200U 2.5GHz,8GB,1TB HDD,AMD Radeon R7 M445,Windows 10,2.36kg,638.8,8,2.36,До 1000 евро
1112,MSI,GS70 Stealth,Gaming,17.3,Full HD 1920x1080,Intel Core i7 6700HQ 2.6GHz,8GB,256GB SSD,Nvidia GeForce GTX 965M,Windows 10,2.6kg,1599.0,8,2.6,От 1000 евро
1113,HP,250 G5,Notebook,15.6,1366x768,Intel Pentium Quad Core N3710 1.6GHz,4GB,1TB HDD,Intel HD Graphics 405,Windows 10,1.96kg,500.0,4,1.96,До 1000 евро
1114,Asus,G752VY-GC162T (i7-6700HQ/16GB/1TB,Gaming,17.3,IPS Panel Full HD 1920x1080,Intel Core i7 6700HQ 2.6GHz,16GB,128GB SSD +  1TB HDD,Nvidia GeForce GTX 980M,Windows 10,4.3kg,2299.0,16,4.3,От 1000 евро
1115,Dell,Latitude E5270,Ultrabook,12.5,1366x768,Intel Core i3 6100U 2.3GHz,4GB,500GB HDD,Intel HD Graphics 520,Windows 7,1.5kg,1135.15,4,1.5,От 1000 евро
1116,Dell,Latitude E5270,Ultrabook,12.5,1366x768,Intel Core i3 6100U 2.3GHz,4GB,128GB SSD,Intel HD Graphics 520,Windows 7,1.5kg,1166.97,4,1.5,От 1000 евро
1117,Acer,Chromebook 15,Notebook,15.6,1366x768,Intel Celeron Dual Core 3205U 1.5GHz,4GB,16GB SSD,Intel HD Graphics,Chrome OS,2.20kg,209.0,4,2.2,До 1000 евро
1118,HP,ZBook 17,Workstation,17.3,IPS Panel Full HD 1920x1080,Intel Core i7 6700HQ 2.6GHz,8GB,1TB HDD,AMD FirePro W6150M,Windows 7,3.0kg,2899.0,8,3.0,От 1000 евро
1119,Lenovo,Legion Y520-15IKBN,Gaming,15.6,Full HD 1920x1080,Intel Core i7 7700HQ 2.8GHz,16GB,512GB SSD,Nvidia GeForce GTX 1050 Ti,Windows 10,2.4kg,1199.0,16,2.4,От 1000 евро
1120,Dell,Latitude E5270,Ultrabook,12.5,1366x768,Intel Core i5 6200U 2.3GHz,8GB,256GB SSD,Intel HD Graphics 520,Windows 7,1.5kg,1413.1,8,1.5,От 1000 евро
1121,MSI,GE72 Apache,Gaming,17.3,Full HD 1920x1080,Intel Core i7 6700HQ 2.6GHz,8GB,128GB SSD +  1TB HDD,Nvidia GeForce GTX 960M,Windows 10,2.9kg,1511.19,8,2.9,От 1000 евро
1122,Lenovo,Yoga 500-15ISK,2 in 1 Convertible,15.6,IPS Panel Full HD / Touchscreen 1920x1080,Intel Core i5 6200U 2.3GHz,4GB,256GB SSD,Intel HD Graphics 520,Windows 10,2.1kg,867.0,4,2.1,До 1000 евро
1123,HP,15-bw011nv (A6-9220/4GB/1TB/FHD/W10),Notebook,15.6,Full HD 1920x1080,AMD A6-Series 9220 2.5GHz,4GB,1TB HDD,AMD Radeon R4,Windows 10,2.1kg,398.0,4,2.1,До 1000 евро
1124,Asus,Rog GL552VW-CN470T,Gaming,15.6,IPS Panel Full HD 1920x1080,Intel Core i7 6700HQ 2.6GHz,16GB,128GB SSD +  1TB HDD,Nvidia GeForce GTX 960M,Windows 10,2.59kg,1339.0,16,2.59,От 1000 евро
1125,HP,EliteBook 1030,Notebook,13.3,Quad HD+ / Touchscreen 3200x1800,Intel Core M 6Y54 1.1GHz,8GB,256GB SSD,Intel HD Graphics 515,Windows 10,1.16kg,1699.0,8,1.16,От 1000 евро
1126,Dell,Vostro 3559,Notebook,15.6,1366x768,Intel Core i5 6200U 2.3GHz,4GB,500GB HDD,AMD Radeon R5 M315,Windows 7,2.24kg,769.15,4,2.24,До 1000 евро
1127,Lenovo,V110-15ISK (i3-6006U/4GB/128GB/W10),Notebook,15.6,1366x768,Intel Core i3 6006U 2.0GHz,4GB,128GB SSD,Intel HD Graphics 520,Windows 10,2.1kg,429.0,4,2.1,До 1000 евро
1128,HP,Spectre Pro,Ultrabook,13.3,Full HD 1920x1080,Intel Core i7 6500U 2.5GHz,8GB,512GB SSD,Intel HD Graphics 520,Windows 10,1.16kg,1969.0,8,1.16,От 1000 евро
1129,Lenovo,Yoga Book,2 in 1 Convertible,10.1,IPS Panel Touchscreen 1920x1200,Intel Atom x5-Z8550 1.44GHz,4GB,64GB Flash Storage,Intel HD Graphics 400,Android,0.69kg,549.0,4,0.69,До 1000 евро
1130,Dell,XPS 13,Ultrabook,13.3,Full HD 1920x1080,Intel Core i7 7560U 2.4GHz,8GB,256GB SSD,Intel Iris Plus Graphics 640,Windows 10,1.23kg,1379.0,8,1.23,От 1000 евро
1131,Lenovo,IdeaPad Y900-17ISK,Gaming,17.3,IPS Panel Full HD 1920x1080,Intel Core i7 6820HK 2.7GHz,16GB,256GB SSD +  1.0TB Hybrid,Nvidia GeForce GTX 980M,Windows 10,4.6kg,2749.99,16,4.6,От 1000 евро
1132,Razer,Blade Stealth,Ultrabook,12.5,Touchscreen / 4K Ultra HD 3840x2160,Intel Core i7 6500U 2.5GHz,8GB,256GB SSD,Intel HD Graphics 520,Windows 10,1.25kg,1029.0,8,1.25,От 1000 евро
1133,Toshiba,Portege X30-D-10K,Ultrabook,13.3,Full HD 1920x1080,Intel Core i7 7500U 2.7GHz,16GB,512GB SSD,Intel HD Graphics 620,Windows 10,1.05kg,2226.0,16,1.05,От 1000 евро
1134,Asus,Rog GL752VW-T4308T,Gaming,17.3,Full HD 1920x1080,Intel Core i7 6700HQ 2.6GHz,8GB,128GB SSD +  1TB HDD,Nvidia GeForce GTX 960M,Windows 10,3.52kg,1312.49,8,3.52,От 1000 евро
1135,Vero,V131 (X5-Z8350/4GB/32GB/FHD/W10),Notebook,13.3,Full HD 1920x1080,Intel Atom X5-Z8350 1.44GHz,4GB,32GB Flash Storage,Intel HD Graphics 400,Windows 10,1.35kg,196.0,4,1.35,До 1000 евро
1136,HP,Spectre Pro,Notebook,13.3,Full HD 1920x1080,Intel Core i5 6200U 2.3GHz,8GB,256GB SSD,Intel HD Graphics 520,Windows 10,1.16kg,1690.0,8,1.16,От 1000 евро
1137,HP,EliteBook 1040,Notebook,14.0,Full HD 1920x1080,Intel Core i5 6200U 2.3GHz,8GB,256GB SSD,Intel HD Graphics 520,Windows 7,1.43kg,1513.0,8,1.43,От 1000 евро
1138,Dell,Latitude E5570,Notebook,15.6,1366x768,Intel Core i5 6200U 2.3GHz,4GB,500GB HDD,Intel HD Graphics 520,Linux,2.09kg,523.63,4,2.09,До 1000 евро
1139,Asus,VivoBook Max,Notebook,15.6,1366x768,Intel Core i3 7100U 2.4GHz,4GB,1TB HDD,Intel HD Graphics 620,Windows 10,2kg,435.0,4,2.0,До 1000 евро
1140,Lenovo,ThinkPad Yoga,2 in 1 Convertible,14.0,IPS Panel Full HD / Touchscreen 1920x1080,Intel Core i7 6500U 2.5GHz,8GB,256GB SSD,Intel HD Graphics 520,Windows 10,1.8kg,1669.0,8,1.8,От 1000 евро
1141,Lenovo,Yoga Book,2 in 1 Convertible,10.1,IPS Panel Touchscreen 1920x1200,Intel Atom x5-Z8550 1.44GHz,4GB,64GB Flash Storage,Intel HD Graphics 400,Windows 10,0.69kg,479.0,4,0.69,До 1000 евро
1142,HP,EliteBook 820,Ultrabook,12.5,1366x768,Intel Core i5 6300U 2.4GHz,8GB,256GB SSD,Intel HD Graphics 520,Windows 7,1.26kg,1895.0,8,1.26,От 1000 евро
1143,Lenovo,Legion Y520-15IKBN,Gaming,15.6,IPS Panel Full HD 1920x1080,Intel Core i5 7300HQ 2.5GHz,8GB,128GB SSD +  1TB HDD,Nvidia GeForce GTX 1060,No OS,2.4kg,989.0,8,2.4,До 1000 евро
1144,HP,Omen -,Gaming,17.3,IPS Panel Full HD 1920x1080,Intel Core i5 6300HQ 2.3GHz,8GB,128GB SSD +  1TB HDD,Nvidia GeForce GTX 1060,Windows 10,3.35kg,1129.0,8,3.35,От 1000 евро
1145,HP,15-bs078cl (i7-7500U/8GB/2TB/W10),Notebook,15.6,1366x768,Intel Core i7 7500U 2.7GHz,8GB,2TB HDD,Intel HD Graphics 620,Windows 10,2.04kg,629.0,8,2.04,До 1000 евро
1146,Lenovo,ThinkPad P40,2 in 1 Convertible,14.0,IPS Panel Full HD / Touchscreen 1920x1080,Intel Core i7 6600U 2.6GHz,8GB,512GB SSD,Nvidia Quadro M500M,Windows 7,1.8kg,2050.38,8,1.8,От 1000 евро
1147,Asus,L403NA-GA013TS (N3350/4GB/32GB/W10),Notebook,14.0,1366x768,Intel Celeron Dual Core N3350 1.1GHz,4GB,32GB Flash Storage,Intel HD Graphics 500,Windows 10,1.5kg,278.0,4,1.5,До 1000 евро
1148,HP,250 G6,Ultrabook,15.6,Full HD 1920x1080,Intel Core i7 7500U 2.7GHz,8GB,256GB SSD,Intel HD Graphics 620,Windows 10,1.84kg,752.0,8,1.84,До 1000 евро
1149,Acer,Aspire E5-576G,Notebook,15.6,Full HD 1920x1080,Intel Core i5 7200U 2.5GHz,4GB,1TB HDD,Nvidia GeForce 940MX,Windows 10,2.23kg,616.0,4,2.23,До 1000 евро
1150,Lenovo,IdeaPad 500-15ISK,Notebook,15.6,Full HD 1920x1080,Intel Core i7 6500U 2.5GHz,16GB,1.0TB Hybrid,AMD Radeon R7 M360,Windows 10,2.5kg,1099.0,16,2.5,От 1000 евро
1151,HP,ZBook 17,Workstation,17.3,IPS Panel Full HD 1920x1080,Intel Core i7 6700HQ 2.6GHz,8GB,256GB SSD,Nvidia Quadro M3000M,Windows 7,3kg,3949.4,8,3.0,От 1000 евро
1153,Dell,Inspiron 5567,Notebook,15.6,1366x768,Intel Core i5 7200U 2.5GHz,8GB,1TB HDD,AMD Radeon R7 M445,Windows 10,2.5kg,784.0,8,2.5,До 1000 евро
1154,MSI,GT72S Dominator,Gaming,17.3,Full HD 1920x1080,Intel Core i7 6820HQ 2.7GHz,16GB,256GB SSD +  1TB HDD,Nvidia GeForce GTX 980M,Windows 10,3.78kg,2399.0,16,3.78,От 1000 евро
1155,HP,EliteBook 850,Ultrabook,15.6,Full HD 1920x1080,Intel Core i7 6500U 2.5GHz,8GB,256GB SSD,Intel HD Graphics 520,Windows 7,1.88kg,2171.72,8,1.88,От 1000 евро
1156,Lenovo,ThinkPad X1,2 in 1 Convertible,14.0,IPS Panel Touchscreen 2560x1440,Intel Core i7 6600U 2.6GHz,16GB,512GB SSD,Intel HD Graphics 520,Windows 10,2.8kg,2440.0,16,2.8,От 1000 евро
1157,MSI,GP62M 7RDX,Gaming,15.6,Full HD 1920x1080,Intel Core i7 7700HQ 2.8GHz,8GB,128GB SSD +  1TB HDD,Nvidia GeForce GTX 1050,Windows 10,2.4kg,1142.8,8,2.4,От 1000 евро
1160,HP,Spectre Pro,2 in 1 Convertible,13.3,Full HD / Touchscreen 1920x1080,Intel Core i5 6300U 2.4GHz,8GB,256GB SSD,Intel HD Graphics 520,Windows 10,1.48kg,1629.0,8,1.48,От 1000 евро
1161,HP,ZBook 15,Workstation,15.6,IPS Panel Full HD 1920x1080,Intel Core i7 6700HQ 2.6GHz,8GB,256GB SSD,Nvidia Quadro M1000M,Windows 7,2.59kg,2229.0,8,2.59,От 1000 евро
1162,HP,Spectre Pro,2 in 1 Convertible,13.3,Touchscreen 2560x1440,Intel Core i7 6600U 2.6GHz,8GB,256GB SSD,Intel HD Graphics 520,Windows 10,1.48kg,1799.0,8,1.48,От 1000 евро
1163,HP,ZBook Studio,Workstation,15.6,Full HD 1920x1080,Intel Core i7 6700HQ 2.6GHz,8GB,256GB SSD,Nvidia Quadro M1000M,Windows 7,2.0kg,1899.0,8,2.0,От 1000 евро
1164,HP,EliteBook 820,Ultrabook,12.5,Full HD 1920x1080,Intel Core i7 6500U 2.50GHz,8GB,256GB SSD,Intel HD Graphics 520,Windows 7,1.26kg,2296.95,8,1.26,От 1000 евро
1165,Dell,Vostro 5568,Notebook,15.6,Full HD 1920x1080,Intel Core i7 7500U 2.7GHz,8GB,256GB SSD,Nvidia GeForce 940MX,Windows 10,2.18kg,1009.9,8,2.18,От 1000 евро
1166,HP,EliteBook 850,Notebook,15.6,Full HD 1920x1080,Intel Core i5 6200U 2.3GHz,8GB,256GB SSD,Intel HD Graphics 520,Windows 7,1.88kg,1579.0,8,1.88,От 1000 евро
1167,Lenovo,ThinkPad X1,2 in 1 Convertible,14.0,IPS Panel Touchscreen 2560x1440,Intel Core i7 6500U 2.5GHz,8GB,256GB SSD,Intel HD Graphics 520,Windows 10,1.27kg,2339.0,8,1.27,От 1000 евро
1168,Lenovo,V110-15ISK (i3-6006U/4GB/1TB/No,Notebook,15.6,1366x768,Intel Core i3 6006U 2.0GHz,4GB,1TB HDD,Intel HD Graphics 520,No OS,1.9kg,339.0,4,1.9,До 1000 евро
1169,HP,15-BA015wm (E2-7110/4GB/500GB/W10),Notebook,15.6,1366x768,AMD E-Series 7110 1.8GHz,4GB,500GB HDD,AMD Radeon R2 Graphics,Windows 10,1.86kg,297.0,4,1.86,До 1000 евро
1170,Lenovo,B51-80 (i5-6200U/8GB/1TB/Radeon,Notebook,15.6,Full HD 1920x1080,Intel Core i5 6200U 2.3GHz,8GB,1TB HDD,AMD Radeon R5 M330,No OS,2.32kg,599.0,8,2.32,До 1000 евро
1171,Dell,Inspiron 7567,Gaming,15.6,Full HD 1920x1080,Intel Core i7 7700HQ 2.8GHz,8GB,1TB HDD,Nvidia GeForce GTX 1050Ti,Windows 10,2.62kg,1199.0,8,2.62,От 1000 евро
1172,Dell,XPS 15,Notebook,15.6,IPS Panel Touchscreen / 4K Ultra HD 3840x2160,Intel Core i5 6300HQ 2.3GHz,8GB,256GB SSD,Nvidia GeForce 960M,Windows 10,2.04kg,2250.68,8,2.04,От 1000 евро
1173,HP,15-bw002nv (A6-9220/4GB/256GB/Radeon,Notebook,15.6,Full HD 1920x1080,AMD A6-Series A6-9220 2.5GHz,4GB,256GB SSD,AMD Radeon 520,Windows 10,1.91kg,478.89,4,1.91,До 1000 евро
1174,MSI,GP72M 7REX,Gaming,17.3,Full HD 1920x1080,Intel Core i7 7700HQ 2.8GHz,16GB,256GB SSD +  1TB HDD,Nvidia GeForce GTX 1050 Ti,Windows 10,2.7kg,1492.8,16,2.7,От 1000 евро
1175,Lenovo,ThinkPad T460s,Ultrabook,14.0,Full HD 1920x1080,Intel Core i7 6600U 2.6GHz,12GB,512GB SSD,Intel HD Graphics 520,Windows 7,1.4kg,2299.0,12,1.4,От 1000 евро
1176,Lenovo,B51-80 (i5-6200U/8GB/1008GB/Radeon,Notebook,15.6,Full HD 1920x1080,Intel Core i5 6200U 2.3GHz,8GB,1.0TB Hybrid,AMD Radeon R5 M330,Windows 10,2.5kg,788.49,8,2.5,До 1000 евро
1177,HP,Spectre Pro,2 in 1 Convertible,13.3,Touchscreen 2560x1440,Intel Core i7 6600U 2.6GHz,8GB,512GB SSD,Intel HD Graphics 520,Windows 10,1.48kg,2041.0,8,1.48,От 1000 евро
1178,Lenovo,ThinkPad T460,Ultrabook,14.0,Full HD 1920x1080,Intel Core i7 6600U 2.6GHz,8GB,256GB SSD,Intel HD Graphics 520,Windows 7,1.7kg,1499.0,8,1.7,От 1000 евро
1179,MSI,GS40 Phantom,Gaming,14.0,Full HD 1920x1080,Intel Core i7 6700HQ 2.6GHz,16GB,256GB SSD +  1TB HDD,Nvidia GeForce GTX 970M,Windows 10,1.7kg,1769.0,16,1.7,От 1000 евро
1180,HP,Pavilion 15-cb003nv,Gaming,15.6,IPS Panel Full HD 1920x1080,Intel Core i7 7700HQ 2.8GHz,8GB,1TB HDD,Nvidia GeForce GTX 1050,Windows 10,2.62kg,899.0,8,2.62,До 1000 евро
1181,Lenovo,IdeaPad 310-15ISK,Notebook,15.6,1366x768,Intel Core i3 6006U 2.0GHz,8GB,1TB HDD,Intel HD Graphics 520,Windows 10,2.2kg,459.0,8,2.2,До 1000 евро
1182,HP,250 G4,Notebook,15.6,1366x768,Intel Core i5 6200U 2.3GHz,4GB,500GB HDD,Intel HD Graphics 520,No OS,2.1kg,476.99,4,2.1,До 1000 евро
1183,Dell,Inspiron 7567,Gaming,15.6,4K Ultra HD 3840x2160,Intel Core i7 7700HQ 2.8GHz,8GB,128GB SSD +  1TB HDD,Nvidia GeForce GTX 1050 Ti,Windows 10,2.62kg,1498.0,8,2.62,От 1000 евро
1184,Lenovo,ThinkPad T570,Notebook,15.6,IPS Panel Full HD 1920x1080,Intel Core i5 7200U 2.5GHz,8GB,256GB SSD,Intel HD Graphics 620,Windows 10,1.95kg,1390.0,8,1.95,От 1000 евро
1185,Lenovo,320-15ISK (i3-6006U/4GB/1TB/GeForce,Notebook,15.6,Full HD 1920x1080,Intel Core i3 6006U 2GHz,4GB,1TB HDD,Nvidia GeForce 920MX ,Windows 10,2.2kg,468.0,4,2.2,До 1000 евро
1186,HP,Stream 14-AX000nv,Notebook,14.0,1366x768,Intel Celeron Dual Core N3060 1.6GHz,2GB,32GB Flash Storage,Intel HD Graphics 400,Windows 10,1.44kg,249.0,2,1.44,До 1000 евро
1187,MSI,PL60 7RD,Gaming,15.6,IPS Panel Full HD 1920x1080,Intel Core i7 7500U 2.7GHz,8GB,1TB HDD,Nvidia GeForce GTX 1050,Windows 10,2.2kg,839.0,8,2.2,До 1000 евро
1188,HP,250 G5,Notebook,15.6,Full HD 1920x1080,Intel Core i7 6500U 2.5GHz,8GB,256GB SSD,Intel HD Graphics 520,Windows 10,1.96kg,679.0,8,1.96,До 1000 евро
1189,HP,ProBook 450,Notebook,15.6,Full HD 1920x1080,Intel Core i7 8550U 1.8GHz,16GB,512GB SSD,Intel UHD Graphics 620,Windows 10,2.1kg,1159.0,16,2.1,От 1000 евро
1190,Asus,X553SA-XX021T (N3050/4GB/500GB/W10),Notebook,15.6,1366x768,Intel Celeron Dual Core N3050 1.6GHz,4GB,500GB HDD,Intel HD Graphics,Windows 10,2.2kg,369.0,4,2.2,До 1000 евро
1191,Lenovo,V110-15ISK (i5-6200U/4GB/500GB/No,Notebook,15.6,1366x768,Intel Core i5 6200U 2.3GHz,4GB,500GB HDD,Intel HD Graphics 520,No OS,2.1kg,398.0,4,2.1,До 1000 евро
1192,Lenovo,IdeaPad 510-15IKB,Notebook,15.6,Full HD 1920x1080,Intel Core i7 7500U 2.7GHz,8GB,1TB HDD,Nvidia GeForce 940MX,No OS,2.2kg,709.0,8,2.2,До 1000 евро
1193,Asus,UX410UA-GV097T (i3-7100U/4GB/256GB/FHD/W10),Notebook,14.0,Full HD 1920x1080,Intel Core i3 7100U 2.4GHz,4GB,256GB SSD,Intel HD Graphics 620,Windows 10,2kg,769.0,4,2.0,До 1000 евро
1194,Lenovo,B51-80 (i7-6500U/4GB/1008GB/FHD/W7),Notebook,15.6,Full HD 1920x1080,Intel Core i7 6500U 2.5GHz,4GB,1.0TB Hybrid,Intel HD Graphics 520,Windows 7,2.32kg,825.0,4,2.32,До 1000 евро
1195,Lenovo,IdeaPad Y700-15ISK,Gaming,15.6,IPS Panel Full HD 1920x1080,Intel Core i7 6700HQ 2.6GHz,16GB,512GB SSD,Nvidia GeForce GTX 960,Windows 10,3.31kg,1305.0,16,3.31,От 1000 евро
1196,MSI,GS60 Ghost,Gaming,15.6,Full HD 1920x1080,Intel Core i7 6700HQ 2.6GHz,16GB,128GB SSD +  1TB HDD,Nvidia GeForce GTX 970M,Windows 10,1.91kg,2153.37,16,1.91,От 1000 евро
1197,HP,ProBook 450,Notebook,15.6,1366x768,Intel Core i3 6100U 2.3GHz,4GB,500GB HDD,Intel HD Graphics 520,Windows 10,2.07kg,650.0,4,2.07,До 1000 евро
1198,Lenovo,ThinkPad X1,2 in 1 Convertible,14.0,IPS Panel Touchscreen 2560x1440,Intel Core i5 6200U 2.3GHz,8GB,256GB SSD,Intel HD Graphics 520,Windows 10,1.36kg,1637.0,8,1.36,От 1000 евро
1199,Lenovo,IdeaPad 310-15IKB,Ultrabook,15.6,Full HD 1920x1080,Intel Core i7 7500U 2.7GHz,6GB,256GB SSD,Nvidia GeForce 920M,Windows 10,1.54kg,831.0,6,1.54,До 1000 евро
1200,Dell,Vostro 5568,Notebook,15.6,Full HD 1920x1080,Intel Core i7 7500U 2.7GHz,8GB,256GB SSD,Nvidia GeForce GT 940MX,Linux,1.98kg,895.01,8,1.98,До 1000 евро
1201,Acer,Aspire 3,Notebook,15.6,1366x768,Intel Celeron Dual Core N3350 2GHz,4GB,500GB HDD,Intel HD Graphics 500,Windows 10,2.1kg,333.0,4,2.1,До 1000 евро
1202,HP,Pavilion 15-BC000nv,Notebook,15.6,IPS Panel Full HD 1920x1080,Intel Core i7 6700HQ 2.6GHz,6GB,1TB HDD,Nvidia GeForce GTX 960M,Windows 10,2.18kg,799.0,6,2.18,До 1000 евро
1203,Asus,Rog GL552VW-DM201T,Gaming,15.6,IPS Panel Full HD 1920x1080,Intel Core i7 6700HQ 2.6GHz,8GB,256GB SSD +  1TB HDD,Nvidia GeForce GTX 960M,Windows 10,2.591kg,909.0,8,2.591,До 1000 евро
1204,Dell,Inspiron 5578,2 in 1 Convertible,15.6,Full HD / Touchscreen 1920x1080,Intel Core i7 7500U 2.7GHz,16GB,512GB SSD,Intel HD Graphics 620,Windows 10,2.09kg,1179.0,16,2.09,От 1000 евро
1205,Acer,Aspire E5-576G,Notebook,15.6,Full HD 1920x1080,Intel Core i5 7200U 2.5GHz,4GB,256GB SSD,Nvidia GeForce 940MX,Windows 10,2.23kg,691.0,4,2.23,До 1000 евро
1206,Dell,XPS 13,Ultrabook,13.3,Quad HD+ / Touchscreen 3200x1800,Intel Core i5 6300U 2.4GHz,8GB,256GB SSD,Intel HD Graphics 520,Linux,1.23kg,1099.0,8,1.23,От 1000 евро
1207,Acer,Predator G9-793,Gaming,17.3,IPS Panel Full HD 1920x1080,Intel Core i7 7700HQ 2.8GHz,16GB,256GB SSD +  1TB HDD,Nvidia GeForce GTX 1070,Windows 10,4.2kg,2599.0,16,4.2,От 1000 евро
1208,Lenovo,Legion Y520-15IKBN,Gaming,15.6,IPS Panel Full HD 1920x1080,Intel Core i5 7300HQ 2.5GHz,8GB,1TB HDD,Nvidia GeForce GTX 1050,Windows 10,2.4kg,819.0,8,2.4,До 1000 евро
1209,Samsung,Chromebook Plus,2 in 1 Convertible,12.3,IPS Panel Touchscreen 2400x1600,Samsung Cortex A72&A53 2.0GHz,4GB,32GB Flash Storage,ARM Mali T860 MP4,Chrome OS,1.15kg,659.0,4,1.15,До 1000 евро
1210,HP,250 G6,Notebook,15.6,1366x768,Intel Core i5 7200U 2.5GHz,4GB,500GB HDD,Intel HD Graphics 620,Windows 10,1.86kg,485.0,4,1.86,До 1000 евро
1211,Apple,"MacBook 12""",Ultrabook,12.0,IPS Panel Retina Display 2304x1440,Intel Core M 1.1GHz,8GB,256GB Flash Storage,Intel HD Graphics 5300,Mac OS X,0.920kg,1163.0,8,0.92,От 1000 евро
1212,Dell,Inspiron 7378,2 in 1 Convertible,13.3,IPS Panel Full HD / Touchscreen 1920x1080,Intel Core i5 7200U 2.5GHz,8GB,256GB SSD,Intel HD Graphics 620,Windows 10,1.6kg,1199.0,8,1.6,От 1000 евро
1213,HP,Pavilion Power,Notebook,15.6,IPS Panel Full HD 1920x1080,Intel Core i7 7700HQ 2.8GHz,12GB,128GB SSD +  1TB HDD,Nvidia GeForce GTX 1050,Windows 10,2.21kg,1327.0,12,2.21,От 1000 евро
1214,Lenovo,V110-15ISK (i3-6006U/4GB/1TB/Radeon,Notebook,15.6,1366x768,Intel Core i3 6006U 2GHz,4GB,1TB HDD,AMD Radeon R5 M430,No OS,1.9kg,368.0,4,1.9,До 1000 евро
1215,Asus,Rog G752VY-GC229T,Gaming,17.3,IPS Panel Full HD 1920x1080,Intel Core i7 6700HQ 2.6GHz,16GB,512GB SSD +  1TB HDD,Nvidia GeForce GTX 980M,Windows 10,4.3kg,2150.0,16,4.3,От 1000 евро
1216,Acer,Aspire 3,Notebook,15.6,1366x768,Intel Celeron Dual Core N3350 2GHz,4GB,1TB HDD,Intel HD Graphics 500,Linux,2.1kg,272.0,4,2.1,До 1000 евро
1217,MSI,GS73VR 7RF,Gaming,17.3,Full HD 1920x1080,Intel Core i7 7700HQ 2.8GHz,16GB,256GB SSD +  1TB HDD,Nvidia GeForce GTX 1060,Windows 10,2.43kg,2048.9,16,2.43,От 1000 евро
1218,Dell,Inspiron 5567,Notebook,15.6,1366x768,Intel Core i3 6006U 2.0GHz,4GB,128GB SSD,AMD Radeon R7 M440,Windows 10,2.3kg,499.0,4,2.3,До 1000 евро
1219,Lenovo,IdeaPad 310-15ISK,Notebook,15.6,1366x768,Intel Core i7 6500U 2.5GHz,8GB,500GB HDD,Nvidia GeForce 920MX,No OS,2.2kg,629.0,8,2.2,До 1000 евро
1220,Dell,Inspiron 5579,2 in 1 Convertible,15.6,Full HD / Touchscreen 1920x1080,Intel Core i7 8550U 1.8GHz,16GB,512GB SSD,Intel UHD Graphics 620,Windows 10,2kg,1285.0,16,2.0,От 1000 евро
1221,Dell,XPS 13,Ultrabook,13.3,Quad HD+ / Touchscreen 3200x1800,Intel Core i7 7500U 2.7GHz,16GB,512GB SSD,Intel HD Graphics 620,Windows 10,1.2kg,2680.0,16,1.2,От 1000 евро
1222,Asus,FX502VM-DM105T (i7-6700HQ/8GB/1TB/GeForce,Gaming,15.6,Full HD 1920x1080,Intel Core i7 6700HQ 2.6GHz,8GB,1TB HDD,Nvidia GeForce GTX 1060,Windows 10,2.2kg,1169.0,8,2.2,От 1000 евро
1223,Dell,Inspiron 5567,Notebook,15.6,Full HD 1920x1080,Intel Core i5 7200U 2.5GHz,8GB,256GB SSD,AMD Radeon R7 M445,Windows 10,2.36kg,889.0,8,2.36,До 1000 евро
1224,HP,15-bs025nv (i5-7200U/8GB/256GB/W10),Notebook,15.6,1366x768,Intel Core i5 7200U 2.5GHz,8GB,256GB SSD,Intel HD Graphics 620,Windows 10,1.91kg,579.0,8,1.91,До 1000 евро
1225,Lenovo,IdeaPad 320-15AST,Notebook,15.6,1366x768,AMD E-Series 9000 2.2GHz,4GB,500GB HDD,AMD Radeon R2 Graphics,Windows 10,2.2kg,299.0,4,2.2,До 1000 евро
1226,Acer,Aspire E5-774G,Notebook,17.3,1600x900,Intel Core i3 6006U 2.0GHz,8GB,1TB HDD,Nvidia GeForce 940MX,Windows 10,3.3kg,629.0,8,3.3,До 1000 евро
1227,Asus,Rog Strix,Gaming,15.6,Full HD 1920x1080,Intel Core i7 7700HQ 2.8GHz,16GB,256GB SSD +  1TB HDD,Nvidia GeForce GTX 1070,Windows 10,2.2kg,2449.0,16,2.2,От 1000 евро
1228,Apple,"MacBook 12""",Ultrabook,12.0,IPS Panel Retina Display 2304x1440,Intel Core M 1.2GHz,8GB,512GB Flash Storage,Intel HD Graphics 515,Mac OS X,0.920kg,1279.0,8,0.92,От 1000 евро
1229,Asus,FX502VM-AS73 (i7-7700HQ/16GB/1TB,Notebook,15.6,Full HD 1920x1080,Intel Core i7 7700HQ 2.8GHz,16GB,128GB SSD +  1TB HDD,Nvidia GeForce GTX 1060,Windows 10,2.2kg,1749.0,16,2.2,От 1000 евро
1230,MSI,GS73VR Stealth,Gaming,17.3,IPS Panel Full HD 1920x1080,Intel Core i7 6700HQ 2.6GHz,16GB,256GB SSD +  1TB HDD,Nvidia GeForce GTX 1060,Windows 10,2.43kg,1948.99,16,2.43,От 1000 евро
1231,Dell,Inspiron 7579,2 in 1 Convertible,15.6,IPS Panel Full HD / Touchscreen 1920x1080,Intel Core i5 7200U 2.5GHz,8GB,256GB SSD,Intel HD Graphics 620,Windows 10,2.191kg,999.0,8,2.191,До 1000 евро
1232,Asus,ROG Strix,Gaming,17.3,Full HD 1920x1080,Intel Core i7 7700HQ 2.8GHz,16GB,256GB SSD +  1TB HDD,Nvidia GeForce GTX 1060,Windows 10,2.9kg,1949.0,16,2.9,От 1000 евро
1233,Acer,C740-C9QX (3205U/2GB/32GB/Chrome,Netbook,11.6,1366x768,Intel Celeron Dual Core 3205U 1.5GHz,2GB,32GB SSD,Intel HD Graphics,Chrome OS,1.3kg,174.0,2,1.3,До 1000 евро
1234,Acer,E5 774G,Notebook,17.3,1600x900,Intel Core i3 6006U 2GHz,4GB,1TB HDD,Nvidia GeForce 940MX,Windows 10,3.3kg,598.0,4,3.3,До 1000 евро
1235,Lenovo,IdeaPad 320-17IKB,Notebook,17.3,1600x900,Intel Core i5 7200U 2.5GHz,8GB,1TB HDD,Intel HD Graphics 620,No OS,2.8kg,539.0,8,2.8,До 1000 евро
1236,Lenovo,IdeaPad Y700-15ISK,Gaming,15.6,IPS Panel Full HD 1920x1080,Intel Core i7 6700HQ 2.6GHz,8GB,128GB SSD +  1TB HDD,Nvidia GeForce GTX 960<U+039C>,Windows 10,2.6kg,1272.0,8,2.6,От 1000 евро
1237,Acer,SP714-51 (i7-7Y75/8GB/256GB/FHD/W10),2 in 1 Convertible,14.0,IPS Panel Full HD / Touchscreen 1920x1080,Intel Core i7 7Y75 1.3GHz,8GB,256GB SSD,Intel HD Graphics 615,Windows 10,1.2kg,1149.0,8,1.2,От 1000 евро
1238,Lenovo,Thinkpad T560,Notebook,15.6,IPS Panel Full HD 1920x1080,Intel Core i7 6600U 2.6GHz,8GB,256GB SSD,Intel HD Graphics 520,Windows 10,2.3kg,1529.0,8,2.3,От 1000 евро
1239,MSI,GP62MVR 6RF,Gaming,15.6,Full HD 1920x1080,Intel Core i7 6700HQ 2.6GHz,8GB,128GB SSD +  1TB HDD,Nvidia GeForce GTX 1060,Windows 10,2.2kg,1476.11,8,2.2,От 1000 евро
1240,HP,15-bw009nv (A12-9720P/6GB/1TB/Radeon,Notebook,15.6,Full HD 1920x1080,AMD A12-Series 9720P 2.7GHz,6GB,1TB HDD,AMD Radeon 530,Windows 10,2.1kg,529.0,6,2.1,До 1000 евро
1241,Dell,Latitude E7270,Ultrabook,12.5,Full HD / Touchscreen 1920x1080,Intel Core i5 6300U 2.4GHz,8GB,256GB SSD,Intel HD Graphics 520,Windows 7,1.26kg,1713.37,8,1.26,От 1000 евро
1242,Dell,Inspiron 5578,2 in 1 Convertible,15.0,Full HD / Touchscreen 1920x1080,Intel Core i3 7100U 2.4GHz,4GB,500GB HDD,Intel HD Graphics 620,Windows 10,2.08kg,509.0,4,2.08,До 1000 евро
1243,Asus,X540SA-RBPDN09 (N3710/4GB/1TB/W10),Notebook,15.6,1366x768,Intel Pentium Quad Core N3710 1.6GHz,4GB,1TB HDD,Intel HD Graphics 405,Windows 10,2.65kg,309.0,4,2.65,До 1000 евро
1244,Dell,XPS 13,Ultrabook,13.3,Quad HD+ / Touchscreen 3200x1800,Intel Core i7 7500U 2.7GHz,8GB,256GB SSD,Intel HD Graphics 620,Windows 10,1.29kg,1477.0,8,1.29,От 1000 евро
1245,Dell,Vostro 3568,Notebook,15.6,1366x768,Intel Core i5 7200U 2.5GHz,4GB,1TB HDD,Intel HD Graphics 520,Linux,2.18kg,521.86,4,2.18,До 1000 евро
1246,Lenovo,IdeaPad Y700-15ISK,Gaming,15.6,IPS Panel Full HD / Touchscreen 1920x1080,Intel Core i7 6700HQ 2.6GHz,16GB,128GB SSD +  1TB HDD,Nvidia GeForce GTX 960M,Windows 10,2.6kg,1029.0,16,2.6,От 1000 евро
1247,MSI,GL62M 7RDX,Gaming,15.6,Full HD 1920x1080,Intel Core i7 7700HQ 2.8GHz,8GB,128GB SSD +  1TB HDD,Nvidia GeForce GTX 1050,Windows 10,2.2kg,1149.0,8,2.2,От 1000 евро
1248,Lenovo,ThinkPad Yoga,Netbook,12.5,IPS Panel Full HD / Touchscreen 1920x1080,Intel Core i7 6500U 2.50GHz,16GB,512GB SSD,Intel HD Graphics 520,Windows 10,1.3kg,1650.0,16,1.3,От 1000 евро
1249,Razer,Blade Pro,Gaming,14.0,Full HD 1920x1080,Intel Core i7 7700HQ 2.8GHz,16GB,1TB SSD,Nvidia GeForce GTX 1060,Windows 10,1.95kg,3499.0,16,1.95,От 1000 евро
1250,Dell,Inspiron 3567,Notebook,15.6,Touchscreen 1366x768,Intel Core i3 7100U 2.4GHz,8GB,1TB HDD,Intel HD Graphics 620,Windows 10,2.3kg,469.01,8,2.3,До 1000 евро
1251,MSI,GE72VR Apache,Gaming,17.3,Full HD 1920x1080,Intel Core i7 7700HQ 2.8GHz,16GB,256GB SSD +  1TB HDD,Nvidia GeForce GTX 1060,Windows 10,2.7kg,1598.0,16,2.7,От 1000 евро
1252,Apple,MacBook Air,Ultrabook,11.6,1366x768,Intel Core i5 1.6GHz,4GB,256GB Flash Storage,Intel HD Graphics 6000,Mac OS X,1.08kg,959.0,4,1.08,До 1000 евро
1253,HP,15-bs023nv (i3-6006U/4GB/1TB/FHD/W10),Notebook,15.6,Full HD 1920x1080,Intel Core i3 6006U 2GHz,4GB,1TB HDD,Intel HD Graphics 520,Windows 10,2.1kg,478.0,4,2.1,До 1000 евро
1254,HP,EliteBook 840,Ultrabook,14.0,2560x1440,Intel Core i7 6500U 2.5GHz,8GB,256GB SSD,Intel HD Graphics 520,Windows 7,1.54kg,2198.19,8,1.54,От 1000 евро
1255,Dell,Vostro 3559,Notebook,15.6,1366x768,Intel Core i5 6200U 2.3GHz,4GB,500GB HDD,Intel HD Graphics 520,Windows 7,2.24kg,737.0,4,2.24,До 1000 евро
1256,MSI,GL62 6QF,Gaming,15.6,Full HD 1920x1080,Intel Core i7 6700HQ 2.6GHz,8GB,128GB SSD +  1TB HDD,Nvidia GeForce GTX 960M,Windows 10,2.3kg,1169.0,8,2.3,От 1000 евро
1257,Lenovo,ThinkPad 13,Notebook,13.3,IPS Panel Full HD 1920x1080,Intel Core i7 7500U 2.7GHz,16GB,512GB SSD,Intel HD Graphics 620,Windows 10,1.4kg,1499.0,16,1.4,От 1000 евро
1258,Lenovo,IdeaPad 320-15ABR,Notebook,15.6,Full HD 1920x1080,AMD A12-Series 9720P 3.6GHz,6GB,256GB SSD,AMD Radeon 530,Windows 10,2.2kg,597.57,6,2.2,До 1000 евро
1259,Asus,ZenBook UX310UA-WB71,Ultrabook,13.3,Full HD 1920x1080,Intel Core i7 6500U 2.5GHz,8GB,256GB SSD,Intel HD Graphics 520,Windows 10,1.45kg,1280.0,8,1.45,От 1000 евро
1260,Acer,Aspire ES1-572,Notebook,15.6,1366x768,Intel Core i3 6006U 2.0GHz,4GB,500GB HDD,Intel HD Graphics 520,Linux,2.4kg,361.8,4,2.4,До 1000 евро
1261,Dell,Inspiron 7779,2 in 1 Convertible,17.3,Full HD / Touchscreen 1920x1080,Intel Core i7 7500U 2.7GHz,16GB,512GB SSD,Nvidia GeForce 940MX,Windows 10,2.77kg,1799.0,16,2.77,От 1000 евро
1262,HP,EliteBook 840,Notebook,14.0,Full HD 1920x1080,Intel Core i5 6200U 2.3GHz,4GB,256GB SSD,Intel HD Graphics 520,Windows 7,1.54kg,1099.99,4,1.54,От 1000 евро
1263,Asus,Rog GL553VE-FY052T,Gaming,15.6,IPS Panel Full HD 1920x1080,Intel Core i7 7700HQ 2.8GHz,16GB,256GB SSD +  1TB HDD,Nvidia GeForce GTX 1050 Ti,Windows 10,2.5kg,1600.0,16,2.5,От 1000 евро
1264,Dell,Latitude 5480,Notebook,14.0,1366x768,Intel Core i5 7200U 2.5GHz,4GB,500GB HDD,Intel HD Graphics 620,Windows 10,1.6kg,875.0,4,1.6,До 1000 евро
1265,Asus,Rog GL502VS,Gaming,15.6,IPS Panel Full HD 1920x1080,Intel Core i7 6700HQ 2.6GHz,16GB,256GB SSD +  1TB HDD,Nvidia GeForce GTX 1070,Windows 10,2.34kg,2325.0,16,2.34,От 1000 евро
1266,Lenovo,V510-15IKB (i5-7200U/8GB/256GB/FHD/No,Notebook,15.6,IPS Panel Full HD 1920x1080,Intel Core i5 7200U 2.5GHz,8GB,256GB SSD,Intel HD Graphics 620,No OS,2.3kg,573.0,8,2.3,До 1000 евро
1267,Dell,XPS 13,2 in 1 Convertible,13.3,Quad HD+ / Touchscreen 3200x1800,Intel Core i5 7Y54 1.2GHz,8GB,256GB SSD,Intel HD Graphics 615,Windows 10,1.24kg,1813.0,8,1.24,От 1000 евро
1268,Dell,Inspiron 3552,Notebook,15.6,1366x768,Intel Pentium Quad Core N3710 1.6GHz,4GB,500GB HDD,Intel HD Graphics,Linux,2.2kg,324.0,4,2.2,До 1000 евро
1269,HP,255 G6,Notebook,15.6,1366x768,AMD A6-Series 9220 2.5GHz,4GB,500GB HDD,AMD Radeon R4 Graphics,Windows 10,1.86kg,399.0,4,1.86,До 1000 евро
1270,Lenovo,IdeaPad 310-15ISK,Notebook,15.6,Full HD 1920x1080,Intel Core i3 6100U 2.3GHz,6GB,128GB SSD,Nvidia GeForce 920MX,Windows 10,2.4kg,569.0,6,2.4,До 1000 евро
1271,Lenovo,ThinkPad L460,Notebook,14.0,IPS Panel Full HD 1920x1080,Intel Core i5 6200U 2.3GHz,8GB,256GB SSD,Intel HD Graphics 520,Windows 10,1.9kg,1072.0,8,1.9,От 1000 евро
1272,Dell,Inspiron 3552,Notebook,15.6,1366x768,Intel Pentium Quad Core N3700 1.6GHz,4GB,500GB HDD,Intel HD Graphics,Windows 10,2.2kg,443.99,4,2.2,До 1000 евро
1273,Asus,X541NA-GO020T (N3350/4GB/1TB/W10),Notebook,15.6,1366x768,Intel Celeron Dual Core N3350 1.1GHz,4GB,1TB HDD,Intel HD Graphics 500,Windows 10,2kg,339.0,4,2.0,До 1000 евро
1274,Asus,Rog G752VT-GC073T,Gaming,17.3,IPS Panel Full HD 1920x1080,Intel Core i7 6700HQ 2.6GHz,16GB,128GB SSD +  1TB HDD,Nvidia GeForce GTX 970M,Windows 10,4.0kg,1900.0,16,4.0,От 1000 евро
1275,Dell,Vostro 3568,Notebook,15.6,1366x768,Intel Core i3 6006U 2GHz,4GB,500GB HDD,Intel HD Graphics 520,Windows 10,2.29kg,490.0,4,2.29,До 1000 евро
1276,Lenovo,B51-80 (i7-6500U/8GB/1008GB/Radeon,Notebook,15.6,Full HD 1920x1080,Intel Core i7 6500U 2.5GHz,8GB,1.0TB Hybrid,AMD Radeon R5 M330,Windows 7,2.32kg,895.0,8,2.32,До 1000 евро
1277,MSI,GE62 Apache,Gaming,15.6,Full HD 1920x1080,Intel Core i7 6700HQ 2.6GHz,8GB,128GB SSD +  1TB HDD,Nvidia GeForce GTX 960M,Windows 10,2.4kg,1229.0,8,2.4,От 1000 евро
1278,Lenovo,Yoga 500-14IBD,2 in 1 Convertible,14.0,Full HD / Touchscreen 1920x1080,Intel Core i5 6200U 2.3GHz,4GB,128GB SSD,Intel HD Graphics 520,Windows 10,1.8kg,833.01,4,1.8,До 1000 евро
1279,Asus,ZenBook UX305CA-UBM1,Ultrabook,13.3,IPS Panel Full HD 1920x1080,Intel Core M 6Y30 0.9GHz,8GB,512GB SSD,Intel HD Graphics 515,Windows 10,1.2kg,729.0,8,1.2,До 1000 евро
1280,Dell,Inspiron 3567,Notebook,15.6,1366x768,Intel Core i3 7100U 2.4GHz,6GB,1TB HDD,Intel HD Graphics 620,Windows 10,2.3kg,459.0,6,2.3,До 1000 евро
1281,Acer,Aspire ES1-531,Notebook,15.6,1366x768,Intel Celeron Dual Core N3060 1.6GHz,4GB,500GB HDD,Intel HD Graphics 400,Linux,2.4kg,289.0,4,2.4,До 1000 евро
1282,Dell,Inspiron 3552,Notebook,15.6,1366x768,Intel Celeron Dual Core N3050 1.6GHz,2GB,500GB HDD,Intel HD Graphics,Windows 10,2.20kg,379.0,2,2.2,До 1000 евро
1283,Lenovo,IdeaPad Y700-15ISK,Notebook,15.6,IPS Panel Full HD 1920x1080,Intel Core i7 6700HQ 2.6GHz,8GB,1TB HDD,Nvidia GeForce GTX 960M,Windows 10,2.6kg,899.0,8,2.6,До 1000 евро
1284,HP,Pavilion 15-AW003nv,Notebook,15.6,Full HD 1920x1080,AMD A9-Series 9410 2.9GHz,6GB,1.0TB Hybrid,AMD Radeon R7 M440,Windows 10,2.04kg,549.99,6,2.04,До 1000 евро
1285,Dell,Inspiron 3567,Notebook,15.6,1366x768,Intel Core i7 7500U 2.7GHz,8GB,1TB HDD,AMD Radeon R5 M430,Linux,2.3kg,805.99,8,2.3,До 1000 евро
1286,HP,Stream 11-Y000na,Netbook,11.6,1366x768,Intel Celeron Dual Core N3060 1.6GHz,2GB,32GB Flash Storage,Intel HD Graphics 400,Windows 10,1.17kg,209.0,2,1.17,До 1000 евро
1287,Asus,X556UJ-XO044T (i7-6500U/4GB/500GB/GeForce,Notebook,15.6,1366x768,Intel Core i7 6500U 2.5GHz,4GB,500GB HDD,Nvidia GeForce 920M,Windows 10,2.2kg,720.32,4,2.2,До 1000 евро
1288,Lenovo,Yoga 500-14ISK,2 in 1 Convertible,14.0,IPS Panel Full HD / Touchscreen 1920x1080,Intel Core i7 6500U 2.5GHz,4GB,128GB SSD,Intel HD Graphics 520,Windows 10,1.8kg,638.0,4,1.8,До 1000 евро
1289,Lenovo,Yoga 900-13ISK,2 in 1 Convertible,13.3,IPS Panel Quad HD+ / Touchscreen 3200x1800,Intel Core i7 6500U 2.5GHz,16GB,512GB SSD,Intel HD Graphics 520,Windows 10,1.3kg,1499.0,16,1.3,От 1000 евро
1290,Lenovo,IdeaPad 100S-14IBR,Notebook,14.0,1366x768,Intel Celeron Dual Core N3050 1.6GHz,2GB,64GB Flash Storage,Intel HD Graphics,Windows 10,1.5kg,229.0,2,1.5,До 1000 евро
1291,HP,15-AC110nv (i7-6500U/6GB/1TB/Radeon,Notebook,15.6,1366x768,Intel Core i7 6500U 2.5GHz,6GB,1TB HDD,AMD Radeon R5 M330,Windows 10,2.19kg,764.0,6,2.19,До 1000 евро
1292,Asus,X553SA-XX031T (N3050/4GB/500GB/W10),Notebook,15.6,1366x768,Intel Celeron Dual Core N3050 1.6GHz,4GB,500GB HDD,Intel HD Graphics,Windows 10,2.2kg,369.0,4,2.2,До 1000 евро
1293,Asus,ZenBook UX305CA-UBM1,Ultrabook,13.3,IPS Panel Full HD 1920x1080,Intel Core M 6Y30 0.9GHz,8GB,512GB SSD,Intel HD Graphics 515,Windows 10,1.2kg,729.0,8,1.2,До 1000 евро
1294,Dell,Inspiron 3567,Notebook,15.6,1366x768,Intel Core i3 7100U 2.4GHz,6GB,1TB HDD,Intel HD Graphics 620,Windows 10,2.3kg,459.0,6,2.3,До 1000 евро
1295,Acer,Aspire ES1-531,Notebook,15.6,1366x768,Intel Celeron Dual Core N3060 1.6GHz,4GB,500GB HDD,Intel HD Graphics 400,Linux,2.4kg,289.0,4,2.4,До 1000 евро
1296,Dell,Inspiron 3552,Notebook,15.6,1366x768,Intel Celeron Dual Core N3050 1.6GHz,2GB,500GB HDD,Intel HD Graphics,Windows 10,2.20kg,379.0,2,2.2,До 1000 евро
1297,Lenovo,IdeaPad Y700-15ISK,Notebook,15.6,IPS Panel Full HD 1920x1080,Intel Core i7 6700HQ 2.6GHz,8GB,1TB HDD,Nvidia GeForce GTX 960M,Windows 10,2.6kg,899.0,8,2.6,До 1000 евро
1298,HP,Pavilion 15-AW003nv,Notebook,15.6,Full HD 1920x1080,AMD A9-Series 9410 2.9GHz,6GB,1.0TB Hybrid,AMD Radeon R7 M440,Windows 10,2.04kg,549.99,6,2.04,До 1000 евро
1299,Dell,Inspiron 3567,Notebook,15.6,1366x768,Intel Core i7 7500U 2.7GHz,8GB,1TB HDD,AMD Radeon R5 M430,Linux,2.3kg,805.99,8,2.3,До 1000 евро
1300,HP,Stream 11-Y000na,Netbook,11.6,1366x768,Intel Celeron Dual Core N3060 1.6GHz,2GB,32GB Flash Storage,Intel HD Graphics 400,Windows 10,1.17kg,209.0,2,1.17,До 1000 евро
1301,Asus,X556UJ-XO044T (i7-6500U/4GB/500GB/GeForce,Notebook,15.6,1366x768,Intel Core i7 6500U 2.5GHz,4GB,500GB HDD,Nvidia GeForce 920M,Windows 10,2.2kg,720.32,4,2.2,До 1000 евро
1302,Lenovo,Yoga 500-14ISK,2 in 1 Convertible,14.0,IPS Panel Full HD / Touchscreen 1920x1080,Intel Core i7 6500U 2.5GHz,4GB,128GB SSD,Intel HD Graphics 520,Windows 10,1.8kg,638.0,4,1.8,До 1000 евро
1303,Lenovo,Yoga 900-13ISK,2 in 1 Convertible,13.3,IPS Panel Quad HD+ / Touchscreen 3200x1800,Intel Core i7 6500U 2.5GHz,16GB,512GB SSD,Intel HD Graphics 520,Windows 10,1.3kg,1499.0,16,1.3,От 1000 евро
1304,Lenovo,IdeaPad 100S-14IBR,Notebook,14.0,1366x768,Intel Celeron Dual Core N3050 1.6GHz,2GB,64GB Flash Storage,Intel HD Graphics,Windows 10,1.5kg,229.0,2,1.5,До 1000 евро
1305,HP,15-AC110nv (i7-6500U/6GB/1TB/Radeon,Notebook,15.6,1366x768,Intel Core i7 6500U 2.5GHz,6GB,1TB HDD,AMD Radeon R5 M330,Windows 10,2.19kg,764.0,6,2.19,До 1000 евро
1306,Asus,X553SA-XX031T (N3050/4GB/500GB/W10),Notebook,15.6,1366x768,Intel Celeron Dual Core N3050 1.6GHz,4GB,500GB HDD,Intel HD Graphics,Windows 10,2.2kg,369.0,4,2.2,До 1000 евро
1307,Asus,ZenBook UX305CA-UBM1,Ultrabook,13.3,IPS Panel Full HD 1920x1080,Intel Core M 6Y30 0.9GHz,8GB,512GB SSD,Intel HD Graphics 515,Windows 10,1.2kg,729.0,8,1.2,До 1000 евро
1308,Dell,Inspiron 3567,Notebook,15.6,1366x768,Intel Core i3 7100U 2.4GHz,6GB,1TB HDD,Intel HD Graphics 620,Windows 10,2.3kg,459.0,6,2.3,До 1000 евро
1309,Acer,Aspire ES1-531,Notebook,15.6,1366x768,Intel Celeron Dual Core N3060 1.6GHz,4GB,500GB HDD,Intel HD Graphics 400,Linux,2.4kg,289.0,4,2.4,До 1000 евро
1310,Dell,Inspiron 3552,Notebook,15.6,1366x768,Intel Celeron Dual Core N3050 1.6GHz,2GB,500GB HDD,Intel HD Graphics,Windows 10,2.20kg,379.0,2,2.2,До 1000 евро
1311,Lenovo,IdeaPad Y700-15ISK,Notebook,15.6,IPS Panel Full HD 1920x1080,Intel Core i7 6700HQ 2.6GHz,8GB,1TB HDD,Nvidia GeForce GTX 960M,Windows 10,2.6kg,899.0,8,2.6,До 1000 евро
1312,HP,Pavilion 15-AW003nv,Notebook,15.6,Full HD 1920x1080,AMD A9-Series 9410 2.9GHz,6GB,1.0TB Hybrid,AMD Radeon R7 M440,Windows 10,2.04kg,549.99,6,2.04,До 1000 евро
1313,Dell,Inspiron 3567,Notebook,15.6,1366x768,Intel Core i7 7500U 2.7GHz,8GB,1TB HDD,AMD Radeon R5 M430,Linux,2.3kg,805.99,8,2.3,До 1000 евро
1314,HP,Stream 11-Y000na,Netbook,11.6,1366x768,Intel Celeron Dual Core N3060 1.6GHz,2GB,32GB Flash Storage,Intel HD Graphics 400,Windows 10,1.17kg,209.0,2,1.17,До 1000 евро
1315,Asus,X556UJ-XO044T (i7-6500U/4GB/500GB/GeForce,Notebook,15.6,1366x768,Intel Core i7 6500U 2.5GHz,4GB,500GB HDD,Nvidia GeForce 920M,Windows 10,2.2kg,720.32,4,2.2,До 1000 евро
1316,Lenovo,Yoga 500-14ISK,2 in 1 Convertible,14.0,IPS Panel Full HD / Touchscreen 1920x1080,Intel Core i7 6500U 2.5GHz,4GB,128GB SSD,Intel HD Graphics 520,Windows 10,1.8kg,638.0,4,1.8,До 1000 евро
1317,Lenovo,Yoga 900-13ISK,2 in 1 Convertible,13.3,IPS Panel Quad HD+ / Touchscreen 3200x1800,Intel Core i7 6500U 2.5GHz,16GB,512GB SSD,Intel HD Graphics 520,Windows 10,1.3kg,1499.0,16,1.3,От 1000 евро
1318,Lenovo,IdeaPad 100S-14IBR,Notebook,14.0,1366x768,Intel Celeron Dual Core N3050 1.6GHz,2GB,64GB Flash Storage,Intel HD Graphics,Windows 10,1.5kg,229.0,2,1.5,До 1000 евро
1319,HP,15-AC110nv (i7-6500U/6GB/1TB/Radeon,Notebook,15.6,1366x768,Intel Core i7 6500U 2.5GHz,6GB,1TB HDD,AMD Radeon R5 M330,Windows 10,2.19kg,764.0,6,2.19,До 1000 евро
1320,Asus,X553SA-XX031T (N3050/4GB/500GB/W10),Notebook,15.6,1366x768,Intel Celeron Dual Core N3050 1.6GHz,4GB,500GB HDD,Intel HD Graphics,Windows 10,2.2kg,369.0,4,2.2,До 1000 евро
